,apprehended,cbp_load,transferred_out,hhs_load,discharged,total_system_load,CBP Custody net change,HHS Net Flow,CBP daily status,HHS daily status,sustained_high_load,hhs_load_7d_avg,hhs_load_14d_avg,hhs_load_volatility,in_strain_window
2023-01-12,33.0,53.0,34.0,6566.0,436.0,6619.0,1.0,402.0,Relief,Relief,False,6566.0,6566.0,,False
2023-01-13,,,,,,,,,No Data,No Data,False,6566.0,6566.0,,False
2023-01-14,,,,,,,,,No Data,No Data,False,6566.0,6566.0,,False
2023-01-15,,,,,,,,,No Data,No Data,False,6566.0,6566.0,,False
2023-01-16,,,,,,,,,No Data,No Data,False,6566.0,6566.0,,False
2023-01-17,,,,,,,,,No Data,No Data,False,6566.0,6566.0,,False
2023-01-18,,,,,,,,,No Data,No Data,False,6566.0,6566.0,,False
2023-01-19,,,,,,,,,No Data,No Data,False,,6566.0,,False
2023-01-20,,,,,,,,,No Data,No Data,False,,6566.0,,False
2023-01-21,,,,,,,,,No Data,No Data,False,,6566.0,,False
2023-01-22,32.0,49.0,39.0,7122.0,227.0,7171.0,7.0,188.0,Relief,Relief,False,7122.0,6844.0,,False
2023-01-23,32.0,50.0,39.0,7280.0,181.0,7330.0,7.0,142.0,Relief,Relief,False,7201.0,6989.333333333333,111.72287142747452,False
2023-01-24,47.0,42.0,47.0,7433.0,175.0,7475.0,0.0,128.0,Relief,Relief,False,7278.333333333333,7100.25,155.5066986767238,False
2023-01-25,20.0,22.0,41.0,7538.0,180.0,7560.0,21.0,139.0,Relief,Relief,False,7343.25,7187.8,181.59914647376524,False
2023-01-26,,,,,,,,,No Data,No Data,False,7343.25,7343.25,181.59914647376524,False
2023-01-27,,,,,,,,,No Data,No Data,False,7343.25,7343.25,181.59914647376524,False
2023-01-28,,,,,,,,,No Data,No Data,False,7343.25,7343.25,181.59914647376524,False
2023-01-29,23.0,45.0,11.0,7472.0,303.0,7517.0,-12.0,292.0,Stress,Relief,False,7430.75,7369.0,109.44519176281818,False
2023-01-30,34.0,54.0,29.0,7743.0,196.0,7797.0,-5.0,167.0,Stress,Relief,False,7546.5,7431.333333333333,137.98188286873042,False
2023-01-31,26.0,36.0,36.0,7803.0,158.0,7839.0,10.0,122.0,Relief,Relief,False,7639.0,7484.428571428572,158.9570172509959,False
2023-02-01,25.0,32.0,27.0,7903.0,231.0,7935.0,2.0,204.0,Relief,Relief,False,7730.25,7536.75,184.38252809490032,False
2023-02-02,15.0,13.0,23.0,7879.0,298.0,7892.0,8.0,275.0,Relief,Relief,False,7760.0,7574.777777777777,172.98265809034163,False
2023-02-03,,,,,,,,,No Data,No Data,False,7760.0,7574.777777777777,172.98265809034163,False
2023-02-04,,,,,,,,,No Data,No Data,False,7760.0,7574.777777777777,172.98265809034163,False
2023-02-05,16.0,18.0,15.0,7586.0,342.0,7604.0,-1.0,327.0,Stress,Relief,False,7782.8,7626.333333333333,126.91020447544808,False
2023-02-06,11.0,22.0,12.0,7720.0,196.0,7742.0,1.0,184.0,Relief,Relief,False,7778.2,7675.222222222223,129.1111923885766,False
2023-02-07,16.0,20.0,20.0,7855.0,200.0,7875.0,4.0,180.0,Relief,Relief,False,7788.6,7722.111111111111,133.623725438262,False
2023-02-08,93.0,196.0,169.0,7915.0,317.0,8111.0,76.0,148.0,Relief,Relief,False,7791.0,7764.0,136.27362180554255,False
2023-02-09,124.0,234.0,161.0,7908.0,353.0,8142.0,37.0,192.0,Relief,Relief,False,7796.8,7778.4,141.4733190393158,False
2023-02-10,,,,,,,,,No Data,No Data,False,7796.8,7778.4,141.4733190393158,False
2023-02-11,,,,,,,,,No Data,No Data,False,7796.8,7778.4,141.4733190393158,False
2023-02-12,92.0,203.0,173.0,7434.0,317.0,7637.0,81.0,144.0,Relief,Relief,False,7766.4,7774.6,201.63407450131038,False
2023-02-13,186.0,259.0,172.0,7483.0,244.0,7742.0,-14.0,72.0,Stress,Relief,False,7719.0,7748.6,239.55896977571095,False
2023-02-14,154.0,225.0,220.0,7794.0,223.0,8019.0,66.0,3.0,Relief,Relief,False,7706.8,7747.7,232.3460780818131,False
2023-02-15,91.0,199.0,172.0,7869.0,290.0,8068.0,81.0,118.0,Relief,Relief,False,7697.6,7744.3,222.75390007809062,False
2023-02-16,81.0,213.0,153.0,7793.0,361.0,8006.0,72.0,208.0,Relief,Relief,False,7674.6,7735.7,200.41531877578618,False
2023-02-17,,,,,,,,,No Data,No Data,False,7674.6,7735.7,200.41531877578618,False
2023-02-18,,,,,,,,,No Data,No Data,False,7674.6,7735.7,200.41531877578618,False
2023-02-19,,,,,,,,,No Data,No Data,False,7734.75,7752.333333333333,171.56607084929882,False
2023-02-20,209.0,285.0,184.0,7817.0,209.0,8102.0,-25.0,25.0,Stress,Relief,False,7818.25,7763.111111111111,35.60313656594405,False
2023-02-21,184.0,314.0,217.0,7967.0,213.0,8281.0,33.0,-4.0,Relief,Stress,False,7861.5,7775.555555555556,77.15568676384095,False
2023-02-22,107.0,215.0,230.0,7978.0,232.0,8193.0,123.0,2.0,Relief,Relief,False,7888.75,7782.555555555556,97.30493307124743,False
2023-02-23,101.0,162.0,178.0,7914.0,386.0,8076.0,77.0,208.0,Relief,Relief,False,7919.0,7783.222222222223,73.51643807113209,False
2023-02-24,,,,,,,,,No Data,No Data,False,7919.0,7783.222222222223,73.51643807113209,False
2023-02-25,,,,,,,,,No Data,No Data,False,7919.0,7783.222222222223,73.51643807113209,False
2023-02-26,99.0,190.0,176.0,7609.0,323.0,7799.0,77.0,147.0,Relief,Relief,False,7857.0,7802.666666666667,152.5565468932748,False
2023-02-27,167.0,239.0,166.0,7800.0,248.0,8039.0,-1.0,82.0,Stress,Relief,False,7853.6,7837.888888888889,153.85480168002542,False
2023-02-28,115.0,216.0,169.0,7896.0,200.0,8112.0,54.0,31.0,Relief,Relief,False,7839.4,7849.222222222223,143.71429991479613,False
2023-03-01,84.0,158.0,193.0,7930.0,307.0,8088.0,109.0,114.0,Relief,Relief,False,7829.8,7856.0,133.3724109401939,False
2023-03-02,130.0,227.0,192.0,7870.0,335.0,8097.0,62.0,143.0,Relief,Relief,False,7821.0,7864.555555555556,127.76149654727733,False
2023-03-03,,,,,,,,,No Data,No Data,False,7821.0,7864.555555555556,127.76149654727733,False
2023-03-04,,,,,,,,,No Data,No Data,False,7821.0,7864.555555555556,127.76149654727733,False
2023-03-05,,,,,,,,,No Data,No Data,False,7874.0,7864.555555555556,55.11200716117385,False
2023-03-06,,,,,,,,,No Data,No Data,False,7898.666666666667,7870.5,30.08875759038978,False
2023-03-07,88.0,214.0,160.0,7859.0,259.0,8073.0,72.0,99.0,Relief,Relief,False,7886.333333333333,7857.0,38.214307966169315,False
2023-03-08,113.0,208.0,159.0,7885.0,291.0,8093.0,46.0,132.0,Relief,Relief,False,7871.333333333333,7845.375,13.051181300297104,False
2023-03-09,174.0,285.0,150.0,7786.0,340.0,8071.0,-24.0,190.0,Stress,Relief,False,7843.333333333333,7829.375,51.32575701665989,False
2023-03-10,,,,,,,,,No Data,No Data,False,7843.333333333333,7829.375,51.32575701665989,False
2023-03-11,,,,,,,,,No Data,No Data,False,7843.333333333333,7829.375,51.32575701665989,False
2023-03-12,,,,,,,,,No Data,No Data,False,7843.333333333333,7860.857142857143,51.32575701665989,False
2023-03-13,104.0,230.0,206.0,7567.0,249.0,7797.0,102.0,43.0,Relief,Relief,False,7774.25,7827.571428571428,144.3823050099973,False
2023-03-14,147.0,276.0,214.0,7810.0,181.0,8086.0,67.0,-33.0,Relief,Stress,False,7762.0,7815.285714285715,136.66747967237816,False
2023-03-15,108.0,220.0,213.0,7915.0,286.0,8135.0,105.0,73.0,Relief,Relief,False,7769.5,7813.142857142857,146.16087027655487,False
2023-03-16,180.0,280.0,146.0,7989.0,308.0,8269.0,-34.0,162.0,Stress,Relief,False,7820.25,7830.142857142857,184.11477398622822,False
2023-03-17,,,,,,,,,No Data,No Data,False,7820.25,7830.142857142857,184.11477398622822,False
2023-03-18,,,,,,,,,No Data,No Data,False,7820.25,7830.142857142857,184.11477398622822,False
2023-03-19,134.0,294.0,186.0,7885.0,306.0,8179.0,52.0,120.0,Relief,Relief,False,7833.2,7837.0,162.05616310402985,False
2023-03-20,202.0,313.0,158.0,7931.0,279.0,8244.0,-44.0,121.0,Stress,Relief,False,7906.0,7847.444444444444,65.67343450741663,False
2023-03-21,110.0,272.0,193.0,8050.0,221.0,8322.0,83.0,28.0,Relief,Relief,False,7954.0,7868.666666666667,65.67343450741663,False
2023-03-22,166.0,277.0,229.0,8097.0,246.0,8374.0,63.0,17.0,Relief,Relief,False,7990.4,7892.222222222223,85.95812934213933,False
2023-03-23,136.0,276.0,178.0,8102.0,331.0,8378.0,42.0,153.0,Relief,Relief,False,8013.0,7927.333333333333,99.31515493619266,False
2023-03-24,,,,,,,,,No Data,No Data,False,8013.0,7927.333333333333,99.31515493619266,False
2023-03-25,,,,,,,,,No Data,No Data,False,8013.0,7927.333333333333,99.31515493619266,False
2023-03-26,87.0,246.0,173.0,7847.0,352.0,8093.0,86.0,179.0,Relief,Relief,False,8005.4,7919.3,112.17976644653854,False
2023-03-27,84.0,171.0,157.0,7994.0,235.0,8165.0,73.0,78.0,Relief,Relief,False,8018.0,7962.0,105.04522835426624,False
2023-03-28,167.0,209.0,157.0,8079.0,223.0,8288.0,-10.0,66.0,Stress,Relief,False,8023.8,7988.9,108.0124992767038,False
2023-03-29,109.0,245.0,159.0,8208.0,267.0,8453.0,50.0,108.0,Relief,Relief,False,8046.0,8018.2,134.88328287819786,False
2023-03-30,156.0,256.0,176.0,8158.0,359.0,8414.0,20.0,183.0,Relief,Relief,False,8057.2,8035.1,142.7890051789701,False
2023-03-31,,,,,,,,,No Data,No Data,False,8057.2,8035.1,142.7890051789701,False
2023-04-01,,,,,,,,,No Data,No Data,False,8057.2,8035.1,142.7890051789701,False
2023-04-02,125.0,232.0,192.0,7981.0,304.0,8213.0,67.0,112.0,Relief,Relief,False,8084.0,8044.7,99.48115399411066,False
2023-04-03,118.0,139.0,168.0,8054.0,284.0,8193.0,50.0,116.0,Relief,Relief,False,8096.0,8057.0,88.97471550951965,False
2023-04-04,142.0,235.0,139.0,8068.0,259.0,8303.0,-3.0,120.0,Stress,Relief,False,8093.8,8058.8,89.63369901995543,False
2023-04-05,148.0,245.0,175.0,8175.0,260.0,8420.0,27.0,85.0,Relief,Relief,False,8087.2,8066.6,79.79786964574913,False
2023-04-06,119.0,219.0,210.0,8178.0,284.0,8397.0,91.0,74.0,Relief,Relief,False,8091.2,8074.2,84.59137071829473,False
2023-04-07,,,,,,,,,No Data,No Data,False,8091.2,8074.2,84.59137071829473,False
2023-04-08,,,,,,,,,No Data,No Data,False,8091.2,8074.2,84.59137071829473,False
2023-04-09,105.0,210.0,149.0,7900.0,329.0,8110.0,44.0,180.0,Relief,Relief,False,8075.0,8079.5,113.71455491712562,False
2023-04-10,143.0,203.0,163.0,7826.0,265.0,8029.0,20.0,102.0,Relief,Relief,False,8029.4,8062.7,160.38017333822768,False
2023-04-11,119.0,209.0,152.0,7922.0,187.0,8131.0,33.0,35.0,Relief,Relief,False,8000.2,8047.0,164.8247554222361,False
2023-04-12,155.0,212.0,181.0,7876.0,283.0,8088.0,26.0,102.0,Relief,Relief,False,7940.4,8013.8,137.53108739481388,False
2023-04-13,109.0,214.0,173.0,7795.0,370.0,8009.0,64.0,197.0,Relief,Relief,False,7863.8,7977.5,52.46141439191198,False
2023-04-14,,,,,,,,,No Data,No Data,False,7863.8,7977.5,52.46141439191198,False
2023-04-15,,,,,,,,,No Data,No Data,False,7863.8,7977.5,52.46141439191198,False
2023-04-16,191.0,283.0,192.0,7380.0,272.0,7663.0,1.0,80.0,Relief,Relief,False,7759.8,7917.4,217.76179646577114,False
2023-04-17,170.0,297.0,196.0,7344.0,248.0,7641.0,26.0,52.0,Relief,Relief,False,7663.4,7846.4,279.16088551227926,False
2023-04-18,152.0,272.0,214.0,7376.0,234.0,7648.0,62.0,20.0,Relief,Relief,False,7554.2,7777.2,258.75896119748177,False
2023-04-19,239.0,367.0,224.0,7356.0,229.0,7723.0,-15.0,5.0,Stress,Relief,False,7450.2,7695.3,193.3085616313976,False
2023-04-20,113.0,280.0,237.0,7490.0,320.0,7770.0,124.0,83.0,Relief,Relief,False,7389.2,7626.5,58.23401068104301,False
2023-04-21,,,,,,,,,No Data,No Data,False,7389.2,7626.5,58.23401068104301,False
2023-04-22,,,,,,,,,No Data,No Data,False,7389.2,7626.5,58.23401068104301,False
2023-04-23,196.0,306.0,187.0,7534.0,266.0,7840.0,-9.0,79.0,Stress,Relief,False,7420.0,7589.9,86.17424209124111,False
2023-04-24,236.0,330.0,222.0,7796.0,213.0,8126.0,-14.0,-9.0,Stress,Stress,False,7510.4,7586.9,176.3825388183305,False
2023-04-25,81.0,230.0,242.0,8017.0,202.0,8247.0,161.0,-40.0,Relief,Stress,False,7638.6,7596.4,264.9750931691502,False
2023-04-26,118.0,245.0,160.0,8117.0,256.0,8362.0,42.0,96.0,Relief,Relief,False,7790.8,7620.5,280.19047093004394,False
2023-04-27,218.0,283.0,208.0,8159.0,310.0,8442.0,-10.0,102.0,Stress,Relief,False,7924.6,7656.9,259.61760340932153,False
2023-04-28,,,,,,,,,No Data,No Data,False,7924.6,7656.9,259.61760340932153,False
2023-04-29,,,,,,,,,No Data,No Data,False,7924.6,7656.9,259.61760340932153,False
2023-04-30,132.0,243.0,183.0,8352.0,293.0,8595.0,51.0,110.0,Relief,Relief,False,8088.2,7754.1,203.64356115526886,False
2023-05-01,224.0,315.0,152.0,8492.0,237.0,8807.0,-72.0,85.0,Stress,Relief,False,8227.4,7868.9,191.48968640634348,False
2023-05-02,167.0,326.0,213.0,8654.0,245.0,8980.0,46.0,32.0,Relief,Relief,False,8354.8,7996.7,225.41007075993713,False
2023-05-03,209.0,353.0,232.0,8704.0,267.0,9057.0,23.0,35.0,Relief,Relief,False,8472.2,8131.5,223.44842805443915,False
2023-05-04,153.0,253.0,286.0,8790.0,332.0,9043.0,133.0,46.0,Relief,Relief,False,8598.4,8261.5,175.34765467493375,False
2023-05-05,,,,,,,,,No Data,No Data,False,8598.4,8261.5,175.34765467493375,False
2023-05-06,,,,,,,,,No Data,No Data,False,8598.4,8261.5,175.34765467493375,False
2023-05-07,180.0,337.0,219.0,8485.0,375.0,8822.0,39.0,156.0,Relief,Relief,False,8625.0,8356.6,133.78714437493554,False
2023-05-08,133.0,287.0,189.0,8590.0,261.0,8877.0,56.0,72.0,Relief,Relief,False,8644.6,8436.0,115.33776484742475,False
2023-05-09,187.0,310.0,247.0,8606.0,250.0,8916.0,60.0,3.0,Relief,Relief,False,8635.0,8494.9,116.35291143757362,False
2023-05-10,168.0,285.0,210.0,8681.0,304.0,8966.0,42.0,94.0,Relief,Relief,False,8630.4,8551.3,113.35916372309677,False
2023-05-11,269.0,412.0,204.0,8672.0,392.0,9084.0,-65.0,188.0,Stress,Relief,False,8606.8,8602.6,78.85873445598689,False
2023-05-12,,,,,,,,,No Data,No Data,False,8606.8,8602.6,78.85873445598689,False
2023-05-13,,,,,,,,,No Data,No Data,False,8606.8,8602.6,78.85873445598689,False
2023-05-14,100.0,255.0,236.0,8445.0,288.0,8700.0,136.0,52.0,Relief,Relief,False,8598.8,8611.9,94.7348932548079,False
2023-05-15,205.0,294.0,177.0,8571.0,277.0,8865.0,-28.0,100.0,Stress,Relief,False,8595.0,8619.8,95.55364985179712,False
2023-05-16,161.0,304.0,211.0,8572.0,272.0,8876.0,50.0,61.0,Relief,Relief,False,8588.2,8611.6,95.7846543032852,False
2023-05-17,57.0,162.0,193.0,8569.0,307.0,8731.0,136.0,114.0,Relief,Relief,False,8565.8,8598.1,80.54005214798333,False
2023-05-18,80.0,122.0,152.0,8474.0,351.0,8596.0,72.0,199.0,Relief,Relief,False,8526.2,8566.5,61.75516172758242,False
2023-05-19,,,,,,,,,No Data,No Data,False,8526.2,8566.5,61.75516172758242,False
2023-05-20,,,,,,,,,No Data,No Data,False,8526.2,8566.5,61.75516172758242,False
2023-05-21,107.0,170.0,133.0,7826.0,343.0,7996.0,26.0,210.0,Relief,Relief,False,8402.4,8500.6,324.9266070976641,False
2023-05-22,99.0,156.0,139.0,7848.0,240.0,8004.0,40.0,101.0,Relief,Relief,False,8257.8,8426.4,386.23076003860655,False
2023-05-23,25.0,66.0,94.0,7788.0,246.0,7854.0,69.0,152.0,Relief,Relief,False,8101.0,8344.6,385.9261587402432,False
2023-05-24,35.0,70.0,53.0,7709.0,276.0,7779.0,18.0,223.0,Relief,Relief,False,7929.0,8247.4,309.2232203441375,False
2023-05-25,43.0,73.0,64.0,7546.0,408.0,7619.0,21.0,344.0,Relief,Relief,False,7743.4,8134.8,122.37565117293009,False
2023-05-26,,,,,,,,,No Data,No Data,False,7743.4,8134.8,122.37565117293009,False
2023-05-27,,,,,,,,,No Data,No Data,False,7743.4,8134.8,122.37565117293009,False
2023-05-28,,,,,,,,,No Data,No Data,False,7722.75,8100.333333333333,130.86220488232988,False
2023-05-29,41.0,60.0,71.0,6996.0,207.0,7056.0,30.0,136.0,Relief,Relief,False,7509.75,7925.333333333333,357.0138886187271,False
2023-05-30,65.0,83.0,65.0,7046.0,168.0,7129.0,0.0,103.0,Relief,Relief,False,7324.25,7755.777777777777,357.0138886187271,False
2023-05-31,38.0,80.0,82.0,7053.0,210.0,7133.0,44.0,128.0,Relief,Relief,False,7160.25,7587.333333333333,258.4161695147285,False
2023-06-01,56.0,82.0,68.0,7002.0,287.0,7084.0,12.0,219.0,Relief,Relief,False,7024.25,7423.777777777777,29.398129192148485,False
2023-06-02,,,,,,,,,No Data,No Data,False,7024.25,7423.777777777777,29.398129192148485,False
2023-06-03,,,,,,,,,No Data,No Data,False,7024.25,7423.777777777777,29.398129192148485,False
2023-06-04,74.0,103.0,80.0,6555.0,292.0,6658.0,6.0,212.0,Relief,Relief,False,6930.4,7282.555555555556,211.39370851564777,False
2023-06-05,68.0,107.0,102.0,6523.0,189.0,6630.0,34.0,87.0,Relief,Relief,False,6835.8,7135.333333333333,271.8799367367858,False
2023-06-06,92.0,124.0,93.0,6508.0,187.0,6632.0,1.0,94.0,Relief,Relief,False,6728.2,6993.111111111111,274.3423044300654,False
2023-06-07,113.0,162.0,107.0,6483.0,208.0,6645.0,-6.0,101.0,Stress,Relief,False,6614.2,6856.888888888889,218.34765856312413,False
2023-06-08,106.0,196.0,131.0,6446.0,255.0,6642.0,25.0,124.0,Relief,Relief,False,6503.0,6734.666666666667,41.164304925488665,False
2023-06-09,,,,,,,,,No Data,No Data,False,6503.0,6734.666666666667,41.164304925488665,False
2023-06-10,,,,,,,,,No Data,No Data,False,6503.0,6734.666666666667,41.164304925488665,False
2023-06-11,86.0,152.0,168.0,6007.0,238.0,6159.0,82.0,70.0,Relief,Relief,False,6393.4,6661.9,217.96169388220162,False
2023-06-12,84.0,118.0,136.0,6021.0,177.0,6139.0,52.0,41.0,Relief,Relief,False,6293.0,6564.4,255.69219776911174,False
2023-06-13,59.0,64.0,117.0,6061.0,146.0,6125.0,58.0,29.0,Relief,Relief,False,6203.6,6465.9,239.34869959955614,False
2023-06-14,62.0,97.0,52.0,6065.0,167.0,6162.0,-10.0,115.0,Stress,Relief,False,6120.0,6367.1,183.95108045346893,False
2023-06-15,91.0,75.0,97.0,6038.0,272.0,6113.0,6.0,175.0,Relief,Relief,False,6038.4,6270.7,25.03597411722985,False
2023-06-16,,,,,,,,,No Data,No Data,False,6038.4,6270.7,25.03597411722985,False
2023-06-17,,,,,,,,,No Data,No Data,False,6038.4,6270.7,25.03597411722985,False
2023-06-18,,,,,,,,,No Data,No Data,False,6046.25,6239.111111111111,20.613506898749876,False
2023-06-19,29.0,51.0,11.0,5679.0,142.0,5730.0,-18.0,131.0,Stress,Relief,False,5960.75,6145.333333333333,188.20976772384805,False
2023-06-20,33.0,53.0,34.0,5904.0,134.0,5957.0,1.0,100.0,Relief,Relief,False,5921.5,6078.222222222223,176.33018270656754,False
2023-06-21,93.0,196.0,169.0,5922.0,149.0,6118.0,76.0,-20.0,Relief,Stress,False,5885.75,6015.888888888889,150.0808115649638,False
2023-06-22,124.0,234.0,161.0,5956.0,207.0,6190.0,37.0,46.0,Relief,Relief,False,5865.25,5961.444444444444,126.02479914682733,False
2023-06-23,,,,,,,,,No Data,No Data,False,5865.25,5961.444444444444,126.02479914682733,False
2023-06-24,,,,,,,,,No Data,No Data,False,5865.25,5961.444444444444,126.02479914682733,False
2023-06-25,92.0,203.0,173.0,5766.0,263.0,5969.0,81.0,90.0,Relief,Relief,False,5845.4,5934.666666666667,117.82105075069828,False
2023-06-26,186.0,259.0,172.0,5819.0,174.0,6078.0,-14.0,2.0,Stress,Relief,False,5873.4,5912.222222222223,78.44615988051062,False
2023-06-27,154.0,225.0,220.0,5917.0,155.0,6142.0,66.0,-65.0,Relief,Stress,False,5876.0,5896.222222222223,79.91558045837263,False
2023-06-28,91.0,199.0,172.0,5999.0,174.0,6198.0,81.0,2.0,Relief,Relief,False,5891.4,5888.888888888889,96.66074694517233,False
2023-06-29,81.0,213.0,153.0,6058.0,213.0,6271.0,72.0,60.0,Relief,Relief,False,5911.8,5891.111111111111,121.32064952018114,False
2023-06-30,,,,,,,,,No Data,No Data,False,5911.8,5891.111111111111,121.32064952018114,False
2023-07-01,,,,,,,,,No Data,No Data,False,5911.8,5891.111111111111,121.32064952018114,False
2023-07-02,209.0,285.0,184.0,5903.0,309.0,6188.0,-25.0,125.0,Stress,Relief,False,5939.2,5892.3,92.11514533451388,False
2023-07-03,,,,,,,,,No Data,No Data,False,5969.25,5916.0,72.75701569836063,False
2023-07-04,184.0,314.0,217.0,6127.0,124.0,6441.0,33.0,-93.0,Relief,Stress,False,6021.75,5940.777777777777,94.88721375049158,False
2023-07-05,107.0,215.0,230.0,6193.0,167.0,6408.0,123.0,-63.0,Relief,Stress,False,6070.25,5970.888888888889,124.37945971903143,False
2023-07-06,101.0,162.0,178.0,6239.0,205.0,6401.0,77.0,27.0,Relief,Relief,False,6115.5,6002.333333333333,148.93734700648963,False
2023-07-07,,,,,,,,,No Data,No Data,False,6115.5,6002.333333333333,148.93734700648963,False
2023-07-08,,,,,,,,,No Data,No Data,False,6115.5,6002.333333333333,148.93734700648963,False
2023-07-09,99.0,190.0,176.0,6214.0,196.0,6404.0,77.0,20.0,Relief,Relief,False,6193.25,6052.111111111111,48.0026040960092,False
2023-07-10,167.0,239.0,166.0,6346.0,163.0,6585.0,-1.0,-3.0,Stress,Stress,False,6223.8,6110.666666666667,79.96686813924029,False
2023-07-11,115.0,216.0,169.0,6498.0,143.0,6714.0,54.0,-26.0,Relief,Stress,False,6298.0,6175.222222222223,126.35861664326117,False
2023-07-12,84.0,158.0,193.0,6521.0,210.0,6679.0,109.0,17.0,Relief,Relief,False,6363.6,6233.222222222223,142.34921847343813,False
2023-07-13,130.0,227.0,192.0,6604.0,226.0,6831.0,62.0,34.0,Relief,Relief,False,6436.6,6293.888888888889,155.4631789202787,False
2023-07-14,,,,,,,,,No Data,No Data,False,6436.6,6293.888888888889,155.4631789202787,False
2023-07-15,,,,,,,,,No Data,No Data,False,6436.6,6293.888888888889,155.4631789202787,False
2023-07-16,88.0,214.0,160.0,6468.0,218.0,6682.0,72.0,58.0,Relief,Relief,False,6487.4,6356.666666666667,93.81790873814317,False
2023-07-17,113.0,208.0,159.0,6632.0,160.0,6840.0,46.0,1.0,Relief,Relief,False,6544.6,6384.2,70.29082443675395,False
2023-07-18,174.0,285.0,150.0,6874.0,181.0,7159.0,-24.0,31.0,Stress,Relief,False,6619.8,6458.9,156.3815845935785,False
2023-07-19,104.0,230.0,206.0,7001.0,226.0,7231.0,102.0,20.0,Relief,Relief,False,6715.8,6539.7,216.38669090311106,False
2023-07-20,147.0,276.0,214.0,7116.0,281.0,7392.0,67.0,67.0,Relief,Relief,False,6818.2,6627.4,265.7653100011334,False
2023-07-21,,,,,,,,,No Data,No Data,False,6818.2,6627.4,265.7653100011334,False
2023-07-22,,,,,,,,,No Data,No Data,False,6818.2,6627.4,265.7653100011334,False
2023-07-23,108.0,220.0,213.0,7052.0,276.0,7272.0,105.0,63.0,Relief,Relief,False,6935.0,6711.2,191.26944345607993,False
2023-07-24,180.0,280.0,146.0,7220.0,187.0,7500.0,-34.0,41.0,Stress,Relief,False,7052.6,6798.6,129.03797890543132,False
2023-07-25,134.0,294.0,186.0,7510.0,136.0,7804.0,52.0,-50.0,Relief,Stress,False,7179.8,6899.8,201.87917178351634,False
2023-07-26,202.0,313.0,158.0,7647.0,215.0,7960.0,-44.0,57.0,Stress,Relief,False,7309.0,7012.4,257.8100075637067,False
2023-07-27,110.0,272.0,193.0,7754.0,259.0,8026.0,83.0,66.0,Relief,Relief,False,7436.6,7127.4,293.78189188579756,False
2023-07-28,,,,,,,,,No Data,No Data,False,7436.6,7127.4,293.78189188579756,False
2023-07-29,,,,,,,,,No Data,No Data,False,7436.6,7127.4,293.78189188579756,False
2023-07-30,166.0,277.0,229.0,7671.0,305.0,7948.0,63.0,76.0,Relief,Relief,False,7560.4,7247.7,209.53830198796211,False
2023-07-31,136.0,276.0,178.0,7800.0,220.0,8076.0,42.0,42.0,Relief,Relief,False,7676.4,7364.5,111.67049744672254,False
2023-08-01,87.0,246.0,173.0,8103.0,168.0,8349.0,86.0,-5.0,Relief,Stress,False,7795.0,7487.4,182.92758129926304,False
2023-08-02,84.0,171.0,157.0,8261.0,271.0,8432.0,73.0,114.0,Relief,Relief,False,7917.8,7613.4,251.84459493901883,False
2023-08-03,167.0,209.0,157.0,8294.0,339.0,8503.0,-10.0,182.0,Stress,Relief,False,8025.8,7731.2,278.4235981377987,False
2023-08-04,,,,,,,,,No Data,No Data,False,8025.8,7731.2,278.4235981377987,False
2023-08-05,,,,,,,,,No Data,No Data,False,8025.8,7731.2,278.4235981377987,False
2023-08-06,109.0,245.0,159.0,8298.0,322.0,8543.0,50.0,163.0,Relief,Relief,False,8151.2,7855.8,211.93324420675117,False
2023-08-07,156.0,256.0,176.0,8493.0,202.0,8749.0,20.0,26.0,Relief,Relief,False,8289.8,7983.1,138.83335334132965,False
2023-08-08,125.0,232.0,192.0,8725.0,207.0,8957.0,67.0,15.0,Relief,Relief,False,8414.2,8104.6,196.35860052464844,False
2023-08-09,118.0,139.0,168.0,8888.0,251.0,9027.0,50.0,83.0,Relief,Relief,False,8539.6,8228.7,262.9720517469459,False
2023-08-10,142.0,235.0,139.0,8914.0,353.0,9149.0,-3.0,214.0,Stress,Relief,False,8663.6,8344.7,264.38286631322825,False
2023-08-11,,,,,,,,,No Data,No Data,False,8663.6,8344.7,264.38286631322825,False
2023-08-12,,,,,,,,,No Data,No Data,False,8663.6,8344.7,264.38286631322825,False
2023-08-13,,,,,,,,,No Data,No Data,False,8755.0,8419.555555555555,193.6612162170433,False
2023-08-14,,,,,,,,,No Data,No Data,False,8842.333333333334,8497.0,102.44185342588173,False
2023-08-15,,,,,,,,,No Data,No Data,False,8901.0,8553.285714285714,18.384776310657106,False
2023-08-16,148.0,245.0,175.0,9634.0,288.0,9879.0,27.0,113.0,Relief,Relief,False,9274.0,8749.42857142857,509.11688245430724,False
2023-08-17,119.0,219.0,210.0,9694.0,407.0,9913.0,91.0,197.0,Relief,Relief,False,9664.0,8949.42857142857,42.42640687110916,False
2023-08-18,,,,,,,,,No Data,No Data,False,9664.0,8949.42857142857,42.42640687110916,False
2023-08-19,,,,,,,,,No Data,No Data,False,9664.0,8949.42857142857,42.42640687110916,False
2023-08-20,105.0,210.0,149.0,9483.0,390.0,9693.0,44.0,241.0,Relief,Relief,False,9603.666666666666,9118.714285714286,108.72135638102445,False
2023-08-21,143.0,203.0,163.0,9668.0,281.0,9871.0,20.0,118.0,Relief,Relief,False,9619.75,9286.57142857143,94.4188363975339,False
2023-08-22,119.0,209.0,152.0,9921.0,230.0,10130.0,33.0,78.0,Relief,Relief,False,9680.0,9457.42857142857,157.59600248736706,False
2023-08-23,155.0,212.0,181.0,10071.0,285.0,10283.0,26.0,104.0,Relief,Relief,False,9767.4,9626.42857142857,230.1723267467187,False
2023-08-24,109.0,214.0,173.0,10026.0,443.0,10240.0,64.0,270.0,Relief,Relief,False,9833.8,9785.285714285714,250.6784793315898,False
2023-08-25,,,,,,,,,No Data,No Data,False,9833.8,9785.285714285714,250.6784793315898,False
2023-08-26,,,,,,,,,No Data,No Data,False,9833.8,9785.285714285714,250.6784793315898,False
2023-08-27,191.0,283.0,192.0,9873.0,488.0,10156.0,1.0,296.0,Relief,Relief,False,9911.8,9796.25,157.6505629549047,False
2023-08-28,170.0,297.0,196.0,10012.0,388.0,10309.0,26.0,192.0,Relief,Relief,False,9980.6,9820.222222222223,81.16218331217081,False
2023-08-29,152.0,272.0,214.0,10180.0,286.0,10452.0,62.0,72.0,Relief,Relief,False,10032.4,9856.2,110.83907253310282,False
2023-08-30,239.0,367.0,224.0,10280.0,366.0,10647.0,-15.0,142.0,Stress,Relief,False,10074.2,9920.8,158.2883444856202,False
2023-08-31,113.0,280.0,237.0,10140.0,505.0,10420.0,124.0,268.0,Relief,Relief,False,10097.0,9965.4,157.8195171707174,False
2023-09-01,,,,,,,,,No Data,No Data,False,10097.0,9965.4,157.8195171707174,False
2023-09-02,,,,,,,,,No Data,No Data,False,10097.0,9965.4,157.8195171707174,False
2023-09-03,,,,,,,,,No Data,No Data,False,10153.0,10019.0,110.91738667433742,False
2023-09-04,196.0,306.0,187.0,9988.0,293.0,10294.0,-9.0,106.0,Stress,Relief,False,10147.0,10054.555555555555,121.25455317910533,False
2023-09-05,236.0,330.0,222.0,10142.0,243.0,10472.0,-14.0,21.0,Stress,Relief,False,10137.5,10079.111111111111,119.27978314309799,False
2023-09-06,81.0,230.0,242.0,10356.0,291.0,10586.0,161.0,49.0,Relief,Relief,False,10156.5,10110.777777777777,151.29992289047766,False
2023-09-07,118.0,245.0,160.0,10419.0,398.0,10664.0,42.0,238.0,Relief,Relief,False,10226.25,10154.444444444445,198.1991843239131,False
2023-09-08,,,,,,,,,No Data,No Data,False,10226.25,10154.444444444445,198.1991843239131,False
2023-09-09,,,,,,,,,No Data,No Data,False,10226.25,10154.444444444445,198.1991843239131,False
2023-09-10,218.0,283.0,208.0,10282.0,382.0,10565.0,-10.0,174.0,Stress,Relief,False,10237.4,10199.888888888889,173.44682182155535,False
2023-09-11,132.0,243.0,183.0,10492.0,277.0,10735.0,51.0,94.0,Relief,Relief,False,10338.2,10253.222222222223,134.30636619311224,False
2023-09-12,224.0,315.0,152.0,10649.0,316.0,10964.0,-72.0,164.0,Stress,Relief,False,10439.6,10305.333333333334,140.39693728852598,False
2023-09-13,167.0,326.0,213.0,10678.0,343.0,11004.0,46.0,130.0,Relief,Relief,False,10504.0,10349.555555555555,164.28177013898494,False
2023-09-14,209.0,353.0,232.0,10837.0,414.0,11190.0,23.0,182.0,Relief,Relief,False,10587.6,10427.0,210.16255613214798,False
2023-09-15,,,,,,,,,No Data,No Data,False,10587.6,10427.0,210.16255613214798,False
2023-09-16,,,,,,,,,No Data,No Data,False,10587.6,10427.0,210.16255613214798,False
2023-09-17,153.0,253.0,286.0,10799.0,427.0,11052.0,133.0,141.0,Relief,Relief,False,10691.0,10464.2,136.48626304503404,False
2023-09-18,180.0,337.0,219.0,10892.0,313.0,11229.0,39.0,94.0,Relief,Relief,False,10771.0,10554.6,104.06007880065353,False
2023-09-19,133.0,287.0,189.0,11095.0,260.0,11382.0,56.0,71.0,Relief,Relief,False,10860.2,10649.9,152.98921530617173,False
2023-09-20,187.0,310.0,247.0,11064.0,364.0,11374.0,60.0,117.0,Relief,Relief,False,10937.4,10720.7,134.31418391219202,False
2023-09-21,168.0,285.0,210.0,11067.0,428.0,11352.0,42.0,218.0,Relief,Relief,False,10983.4,10785.5,130.66866495069948,False
2023-09-22,,,,,,,,,No Data,No Data,False,10983.4,10785.5,130.66866495069948,False
2023-09-23,,,,,,,,,No Data,No Data,False,10983.4,10785.5,130.66866495069948,False
2023-09-24,269.0,412.0,204.0,10744.0,403.0,11156.0,-65.0,199.0,Stress,Relief,False,10972.4,10831.7,150.83202577701513,False
2023-09-25,100.0,255.0,236.0,10842.0,284.0,11097.0,136.0,48.0,Relief,Relief,False,10962.4,10866.7,158.93489233015558,False
2023-09-26,205.0,294.0,177.0,10978.0,332.0,11272.0,-28.0,155.0,Stress,Relief,False,10939.0,10899.6,142.27086841654597,False
2023-09-27,161.0,304.0,211.0,11017.0,331.0,11321.0,50.0,120.0,Relief,Relief,False,10929.6,10933.5,133.21148599125425,False
2023-09-28,57.0,162.0,193.0,10984.0,447.0,11146.0,136.0,254.0,Relief,Relief,False,10913.0,10948.2,115.849039702529,False
2023-09-29,,,,,,,,,No Data,No Data,False,10913.0,10948.2,115.849039702529,False
2023-09-30,,,,,,,,,No Data,No Data,False,10913.0,10948.2,115.849039702529,False
2023-10-01,80.0,122.0,152.0,10598.0,493.0,10720.0,72.0,341.0,Relief,Relief,False,10883.8,10928.1,173.26626907738873,False
2023-10-02,107.0,170.0,133.0,10724.0,284.0,10894.0,26.0,151.0,Relief,Relief,False,10860.2,10911.3,187.80894547384617,False
2023-10-03,99.0,156.0,139.0,10818.0,287.0,10974.0,40.0,148.0,Relief,Relief,False,10828.2,10883.6,175.97783951395172,False
2023-10-04,25.0,66.0,94.0,10963.0,330.0,11029.0,69.0,236.0,Relief,Relief,False,10817.4,10873.5,162.64624188710357,False
2023-10-05,35.0,70.0,53.0,11130.0,427.0,11200.0,18.0,374.0,Relief,Relief,False,10846.6,10879.8,207.07196816565528,False
2023-10-06,,,,,,,,,No Data,No Data,False,10846.6,10879.8,207.07196816565528,False
2023-10-07,,,,,,,,,No Data,No Data,False,10846.6,10879.8,207.07196816565528,False
2023-10-08,,,,,,,,,No Data,No Data,False,10908.75,10894.888888888889,177.2594614305938,False
2023-10-09,43.0,73.0,64.0,10815.0,282.0,10888.0,21.0,218.0,Relief,Relief,False,10931.5,10891.888888888889,149.2749141684479,False
2023-10-10,41.0,60.0,71.0,10910.0,257.0,10970.0,30.0,186.0,Relief,Relief,False,10954.5,10884.333333333334,132.05175752962978,False
2023-10-11,65.0,83.0,65.0,10960.0,266.0,11043.0,0.0,201.0,Relief,Relief,False,10953.75,10878.0,131.9958964008508,False
2023-10-12,38.0,80.0,82.0,10992.0,398.0,11072.0,44.0,316.0,Relief,Relief,False,10919.25,10878.888888888889,77.25876433560234,False
2023-10-13,,,,,,,,,No Data,No Data,False,10919.25,10878.888888888889,77.25876433560234,False
2023-10-14,,,,,,,,,No Data,No Data,False,10919.25,10878.888888888889,77.25876433560234,False
2023-10-15,56.0,82.0,68.0,10571.0,434.0,10653.0,12.0,366.0,Relief,Relief,False,10849.6,10875.888888888889,169.5060470897665,False
2023-10-16,74.0,103.0,80.0,10629.0,331.0,10732.0,6.0,251.0,Relief,Relief,False,10812.4,10865.333333333334,197.15298628222223,False
2023-10-17,68.0,107.0,102.0,10630.0,315.0,10737.0,34.0,213.0,Relief,Relief,False,10756.4,10844.444444444445,202.2011374844318,False
2023-10-18,92.0,124.0,93.0,10511.0,393.0,10635.0,1.0,300.0,Relief,Relief,False,10666.6,10794.222222222223,188.4072716218726,False
2023-10-19,113.0,162.0,107.0,10319.0,406.0,10481.0,-6.0,299.0,Stress,Relief,False,10532.0,10704.111111111111,128.78664527037776,False
2023-10-20,,,,,,,,,No Data,No Data,False,10532.0,10704.111111111111,128.78664527037776,False
2023-10-21,,,,,,,,,No Data,No Data,False,10532.0,10704.111111111111,128.78664527037776,False
2023-10-22,106.0,196.0,131.0,9506.0,454.0,9702.0,25.0,323.0,Relief,Relief,False,10319.0,10584.3,471.87233442955534,False
2023-10-23,86.0,152.0,168.0,9436.0,327.0,9588.0,82.0,159.0,Relief,Relief,False,10080.4,10446.4,567.8012856625089,False
2023-10-24,84.0,118.0,136.0,9396.0,300.0,9514.0,52.0,164.0,Relief,Relief,False,9833.6,10295.0,536.5130939688221,False
2023-10-25,59.0,64.0,117.0,9351.0,293.0,9415.0,58.0,176.0,Relief,Relief,False,9601.6,10134.1,405.06085962482,False
2023-10-26,62.0,97.0,52.0,9235.0,390.0,9332.0,-10.0,338.0,Stress,Relief,False,9384.8,9958.4,101.26549264185797,False
2023-10-27,,,,,,,,,No Data,No Data,False,9384.8,9958.4,101.26549264185797,False
2023-10-28,,,,,,,,,No Data,No Data,False,9384.8,9958.4,101.26549264185797,False
2023-10-29,91.0,75.0,97.0,8925.0,418.0,9000.0,6.0,321.0,Relief,Relief,False,9268.6,9793.8,206.2966310922168,False
2023-10-30,29.0,51.0,11.0,9026.0,278.0,9077.0,-18.0,267.0,Stress,Relief,False,9186.6,9633.5,204.60034213069693,False
2023-10-31,33.0,53.0,34.0,9072.0,295.0,9125.0,1.0,261.0,Relief,Relief,False,9121.8,9477.7,170.0990887688651,False
2023-11-01,132.0,235.0,197.0,9250.0,279.0,9485.0,65.0,82.0,Relief,Relief,False,9101.6,9351.6,139.28136989561162,False
2023-11-02,174.0,208.0,256.0,9442.0,330.0,9650.0,82.0,74.0,Relief,Relief,False,9143.0,9263.9,204.39178065665507,False
2023-11-03,,,,,,,,,No Data,No Data,False,9143.0,9263.9,204.39178065665507,False
2023-11-04,,,,,,,,,No Data,No Data,False,9143.0,9263.9,204.39178065665507,False
2023-11-05,123.0,230.0,167.0,9273.0,370.0,9503.0,44.0,203.0,Relief,Relief,False,9212.6,9240.6,167.5255204438959,False
2023-11-06,123.0,233.0,159.0,9286.0,316.0,9519.0,36.0,157.0,Relief,Relief,False,9264.6,9225.6,131.63130326787078,False
2023-11-07,141.0,232.0,188.0,9483.0,231.0,9715.0,47.0,43.0,Relief,Relief,False,9346.8,9234.3,107.38575324501,False
2023-11-08,158.0,226.0,191.0,9634.0,310.0,9860.0,33.0,119.0,Relief,Relief,False,9423.6,9262.6,149.79085419343255,False
2023-11-09,,,,,,,,,No Data,No Data,False,9419.0,9265.666666666666,172.55530514397665,False
2023-11-10,,,,,,,,,No Data,No Data,False,9419.0,9265.666666666666,172.55530514397665,False
2023-11-11,,,,,,,,,No Data,No Data,False,9419.0,9265.666666666666,172.55530514397665,False
2023-11-12,96.0,160.0,233.0,9477.0,313.0,9637.0,137.0,80.0,Relief,Relief,False,9470.0,9327.0,142.55992891879163,False
2023-11-13,141.0,173.0,129.0,9510.0,287.0,9683.0,-12.0,158.0,Stress,Relief,False,9526.0,9380.777777777777,73.41661937189397,False
2023-11-14,116.0,181.0,182.0,9665.0,247.0,9846.0,66.0,65.0,Relief,Relief,False,9571.5,9446.666666666666,91.94382342857077,False
2023-11-15,150.0,157.0,201.0,9762.0,316.0,9919.0,51.0,115.0,Relief,Relief,False,9603.5,9503.555555555555,133.72733452812687,False
2023-11-16,80.0,176.0,125.0,9762.0,374.0,9938.0,45.0,249.0,Relief,Relief,False,9635.2,9539.111111111111,135.781810269263,False
2023-11-17,,,,,,,,,No Data,No Data,False,9635.2,9539.111111111111,135.781810269263,False
2023-11-18,,,,,,,,,No Data,No Data,False,9635.2,9539.111111111111,135.781810269263,False
2023-11-19,116.0,188.0,164.0,9573.0,435.0,9761.0,48.0,271.0,Relief,Relief,False,9654.4,9572.444444444445,112.63347637358126,False
2023-11-20,105.0,185.0,158.0,9638.0,298.0,9823.0,53.0,140.0,Relief,Relief,False,9680.0,9611.555555555555,81.98475468035569,False
2023-11-21,136.0,246.0,123.0,9804.0,250.0,10050.0,-13.0,127.0,Stress,Relief,False,9707.8,9647.222222222223,97.68930340624875,False
2023-11-22,,,,,,,,,No Data,No Data,False,9694.25,9648.875,107.23921857229978,False
2023-11-23,128.0,228.0,177.0,9838.0,283.0,10066.0,49.0,106.0,Relief,Relief,False,9713.25,9669.888888888889,127.97232773792999,False
2023-11-24,,,,,,,,,No Data,No Data,False,9713.25,9669.888888888889,127.97232773792999,False
2023-11-25,,,,,,,,,No Data,No Data,False,9713.25,9669.888888888889,127.97232773792999,False
2023-11-26,90.0,196.0,205.0,9845.0,312.0,10041.0,115.0,107.0,Relief,Relief,False,9781.25,9710.777777777777,97.16437961858328,False
2023-11-27,56.0,82.0,68.0,10123.0,214.0,10205.0,12.0,146.0,Relief,Relief,False,9902.5,9778.888888888889,148.08668632481505,False
2023-11-28,74.0,103.0,80.0,10223.0,223.0,10326.0,6.0,143.0,Relief,Relief,False,10007.25,9840.888888888889,195.71812213827,False
2023-11-29,68.0,107.0,102.0,10398.0,284.0,10505.0,34.0,182.0,Relief,Relief,False,10085.4,9911.555555555555,243.44670874751648,False
2023-11-30,92.0,124.0,93.0,10536.0,320.0,10660.0,1.0,227.0,Relief,Relief,False,10225.0,9997.555555555555,265.26307696322556,False
2023-12-01,,,,,,,,,No Data,No Data,False,10225.0,9997.555555555555,265.26307696322556,False
2023-12-02,,,,,,,,,No Data,No Data,False,10225.0,9997.555555555555,265.26307696322556,False
2023-12-03,132.0,235.0,197.0,10579.0,417.0,10814.0,65.0,220.0,Relief,Relief,False,10371.8,10109.333333333334,196.6105287109472,False
2023-12-04,174.0,208.0,256.0,10635.0,273.0,10843.0,82.0,17.0,Relief,Relief,False,10474.2,10220.111111111111,165.50438060667219,False
2023-12-05,123.0,230.0,167.0,10761.0,261.0,10991.0,44.0,94.0,Relief,Relief,False,10581.8,10326.444444444445,133.0702821820041,False
2023-12-06,123.0,233.0,159.0,10832.0,376.0,11065.0,36.0,217.0,Relief,Relief,False,10668.6,10377.0,124.47610212405519,False
2023-12-07,141.0,232.0,188.0,10897.0,466.0,11129.0,47.0,278.0,Relief,Relief,False,10740.8,10482.9,132.7561674650117,False
2023-12-08,,,,,,,,,No Data,No Data,False,10740.8,10482.9,132.7561674650117,False
2023-12-09,,,,,,,,,No Data,No Data,False,10740.8,10482.9,132.7561674650117,False
2023-12-10,158.0,226.0,191.0,10871.0,411.0,11097.0,33.0,220.0,Relief,Relief,False,10799.2,10585.5,105.13895567294863,False
2023-12-11,96.0,160.0,233.0,10998.0,304.0,11158.0,137.0,71.0,Relief,Relief,False,10871.8,10673.0,87.2106644854759,False
2023-12-12,141.0,173.0,129.0,11077.0,259.0,11250.0,-12.0,130.0,Stress,Relief,False,10935.0,10758.4,100.35188089915542,False
2023-12-13,116.0,181.0,182.0,11192.0,335.0,11373.0,66.0,153.0,Relief,Relief,False,11007.0,10837.8,132.10034065057621,False
2023-12-14,150.0,157.0,201.0,11242.0,396.0,11399.0,51.0,195.0,Relief,Relief,False,11076.0,10908.4,149.26654012201888,False
2023-12-15,,,,,,,,,No Data,No Data,False,11076.0,10908.4,149.26654012201888,False
2023-12-16,,,,,,,,,No Data,No Data,False,11076.0,10908.4,149.26654012201888,False
2023-12-17,80.0,176.0,125.0,11092.0,456.0,11268.0,45.0,331.0,Relief,Relief,False,11120.2,10959.7,96.93399816369013,False
2023-12-18,116.0,188.0,164.0,11149.0,364.0,11337.0,48.0,200.0,Relief,Relief,False,11150.4,11011.1,68.77717644682903,False
2023-12-19,105.0,185.0,158.0,11291.0,272.0,11476.0,53.0,114.0,Relief,Relief,False,11193.2,11064.1,77.6897676660076,False
2023-12-20,136.0,246.0,123.0,11516.0,390.0,11762.0,-13.0,267.0,Stress,Relief,False,11258.0,11132.5,163.8184971240984,False
2023-12-21,128.0,228.0,177.0,11375.0,497.0,11603.0,49.0,320.0,Relief,Relief,False,11284.6,11180.3,171.2025116638136,False
2023-12-22,,,,,,,,,No Data,No Data,False,11284.6,11180.3,171.2025116638136,False
2023-12-23,,,,,,,,,No Data,No Data,False,11284.6,11180.3,171.2025116638136,False
2023-12-24,,,,,,,,,No Data,No Data,False,11332.75,11214.666666666666,153.70182171984044,False
2023-12-25,90.0,196.0,205.0,11144.0,347.0,11340.0,115.0,142.0,Relief,Relief,False,11331.5,11230.888888888889,155.70163775631138,False
2023-12-26,56.0,82.0,68.0,11217.0,288.0,11299.0,12.0,220.0,Relief,Relief,False,11313.0,11246.444444444445,166.1625709959906,False
2023-12-27,74.0,103.0,80.0,11206.0,335.0,11309.0,6.0,255.0,Relief,Relief,False,11235.5,11248.0,98.39546059988906,False
2023-12-28,68.0,107.0,102.0,11230.0,357.0,11337.0,34.0,255.0,Relief,Relief,False,11199.25,11246.666666666666,38.117143999312454,False
2023-12-29,,,,,,,,,No Data,No Data,False,11199.25,11246.666666666666,38.117143999312454,False
2023-12-30,,,,,,,,,No Data,No Data,False,11199.25,11246.666666666666,38.117143999312454,False
2023-12-31,,,,,,,,,No Data,No Data,False,11199.25,11266.0,38.117143999312454,False
2024-01-01,92.0,124.0,93.0,10870.0,290.0,10994.0,1.0,197.0,Relief,Relief,False,11130.75,11231.125,174.10987909937106,False
2024-01-02,113.0,162.0,107.0,10770.0,316.0,10932.0,-6.0,209.0,Stress,Relief,False,11019.0,11166.0,233.58938332038468,False
2024-01-03,106.0,196.0,131.0,10718.0,263.0,10914.0,25.0,132.0,Relief,Relief,False,10897.0,11066.25,230.78705914037772,False
2024-01-04,86.0,152.0,168.0,10558.0,362.0,10710.0,82.0,194.0,Relief,Relief,False,10729.0,10964.125,130.28686298573697,False
2024-01-05,,,,,,,,,No Data,No Data,False,10729.0,10964.125,130.28686298573697,False
2024-01-06,,,,,,,,,No Data,No Data,False,10729.0,10964.125,130.28686298573697,False
2024-01-07,84.0,118.0,136.0,9670.0,367.0,9788.0,52.0,231.0,Relief,Relief,False,10517.2,10820.333333333334,486.8543930170481,False
2024-01-08,59.0,64.0,117.0,9670.0,367.0,9734.0,58.0,250.0,Relief,Relief,False,10277.2,10656.555555555555,559.7742402076024,False
2024-01-09,62.0,97.0,52.0,9311.0,286.0,9408.0,-10.0,234.0,Stress,Relief,False,9985.4,10444.777777777777,616.1053481345529,False
2024-01-10,91.0,75.0,97.0,9144.0,349.0,9219.0,6.0,252.0,Relief,Relief,False,9670.6,10215.666666666666,546.3742307246916,False
2024-01-11,29.0,51.0,11.0,8829.0,476.0,8880.0,-18.0,465.0,Stress,Relief,False,9324.8,9948.888888888889,359.5214875358614,False
2024-01-12,,,,,,,,,No Data,No Data,False,9324.8,9948.888888888889,359.5214875358614,False
2024-01-13,,,,,,,,,No Data,No Data,False,9324.8,9948.888888888889,359.5214875358614,False
2024-01-14,,,,,,,,,No Data,No Data,False,9238.5,9948.888888888889,350.27084758321615,False
2024-01-15,33.0,53.0,34.0,8033.0,234.0,8086.0,1.0,200.0,Relief,Relief,False,8829.25,9633.666666666666,567.2050628593958,False
2024-01-16,32.0,49.0,39.0,8133.0,188.0,8182.0,7.0,149.0,Relief,Relief,False,8534.75,9340.666666666666,538.8026076403098,False
2024-01-17,80.0,176.0,125.0,8072.0,353.0,8248.0,45.0,228.0,Relief,Relief,False,8266.75,9046.666666666666,377.0856445601327,False
2024-01-18,116.0,188.0,164.0,8042.0,359.0,8230.0,48.0,195.0,Relief,Relief,False,8070.0,8767.111111111111,45.18849411075086,False
2024-01-19,,,,,,,,,No Data,No Data,False,8070.0,8767.111111111111,45.18849411075086,False
2024-01-20,,,,,,,,,No Data,No Data,False,8070.0,8767.111111111111,45.18849411075086,False
2024-01-21,105.0,185.0,158.0,7974.0,371.0,8159.0,53.0,213.0,Relief,Relief,False,8050.8,8578.666666666666,58.092168146816725,False
2024-01-22,136.0,246.0,123.0,8008.0,222.0,8254.0,-13.0,99.0,Stress,Relief,False,8045.8,8394.0,61.009835272667544,False
2024-01-23,128.0,228.0,177.0,8133.0,202.0,8361.0,49.0,25.0,Relief,Relief,False,8045.8,8263.111111111111,61.009835272667544,False
2024-01-24,90.0,196.0,205.0,8212.0,243.0,8408.0,115.0,38.0,Relief,Relief,False,8073.8,8159.555555555556,97.3457754604586,False
2024-01-25,102.0,189.0,155.0,8180.0,293.0,8369.0,53.0,138.0,Relief,Relief,False,8101.4,8087.444444444444,105.31286721003293,False
2024-01-26,,,,,,,,,No Data,No Data,False,8101.4,8087.444444444444,105.31286721003293,False
2024-01-27,,,,,,,,,No Data,No Data,False,8101.4,8087.444444444444,105.31286721003293,False
2024-01-28,120.0,257.0,126.0,8004.0,307.0,8261.0,6.0,181.0,Relief,Relief,False,8107.4,8079.1,96.74605935126263,False
2024-01-29,137.0,272.0,166.0,8057.0,195.0,8329.0,29.0,29.0,Relief,Relief,False,8117.2,8081.5,86.05056652921026,False
2024-01-30,93.0,198.0,208.0,8182.0,187.0,8380.0,115.0,-21.0,Relief,Stress,False,8127.0,8086.4,90.9505360072058,False
2024-01-31,203.0,477.0,258.0,8153.0,266.0,8630.0,55.0,8.0,Relief,Relief,False,8115.2,8094.5,80.37847970693426,False
2024-02-01,222.0,459.0,289.0,8026.0,337.0,8485.0,67.0,48.0,Relief,Relief,False,8084.4,8092.9,78.83083153181902,False
2024-02-02,,,,,,,,,No Data,No Data,False,8084.4,8092.9,78.83083153181902,False
2024-02-03,,,,,,,,,No Data,No Data,False,8084.4,8092.9,78.83083153181902,False
2024-02-04,253.0,531.0,248.0,7813.0,342.0,8344.0,-5.0,94.0,Stress,Relief,False,8046.2,8076.8,145.5633882540456,False
2024-02-05,157.0,466.0,345.0,7872.0,242.0,8338.0,188.0,-103.0,Relief,Stress,False,8009.2,8063.2,164.42232208553077,False
2024-02-06,291.0,455.0,323.0,8045.0,178.0,8500.0,32.0,-145.0,Relief,Stress,False,7981.8,8054.4,137.66517351893327,False
2024-02-07,227.0,453.0,330.0,8160.0,222.0,8613.0,103.0,-108.0,Relief,Stress,False,7983.2,8049.2,139.8595724289118,False
2024-02-08,298.0,499.0,358.0,8188.0,315.0,8687.0,60.0,-43.0,Relief,Stress,False,8015.6,8050.0,168.1555827202832,False
2024-02-09,,,,,,,,,No Data,No Data,False,8015.6,8050.0,168.1555827202832,False
2024-02-10,,,,,,,,,No Data,No Data,False,8015.6,8050.0,168.1555827202832,False
2024-02-11,205.0,515.0,226.0,8056.0,347.0,8571.0,21.0,121.0,Relief,Relief,False,8064.2,8055.2,124.37925872105036,False
2024-02-12,213.0,430.0,440.0,8092.0,234.0,8522.0,227.0,-206.0,Relief,Stress,False,8108.2,8058.7,63.310346705716206,False
2024-02-13,227.0,369.0,349.0,8348.0,160.0,8717.0,122.0,-189.0,Relief,Stress,False,8168.8,8075.3,113.1158697972923,False
2024-02-14,185.0,322.0,272.0,8512.0,230.0,8834.0,87.0,-42.0,Relief,Stress,False,8239.2,8111.2,189.80832436960694,False
2024-02-15,333.0,508.0,272.0,8463.0,312.0,8971.0,-61.0,40.0,Stress,Relief,False,8294.2,8154.9,210.02904561035808,False
2024-02-16,,,,,,,,,No Data,No Data,False,8294.2,8154.9,210.02904561035808,False
2024-02-17,,,,,,,,,No Data,No Data,False,8294.2,8154.9,210.02904561035808,False
2024-02-18,,,,,,,,,No Data,No Data,False,8353.75,8192.888888888889,187.5497711719845,False
2024-02-19,249.0,420.0,371.0,8380.0,218.0,8800.0,122.0,-153.0,Relief,Stress,False,8425.75,8249.333333333334,75.19917996004848,False
2024-02-20,149.0,395.0,273.0,8488.0,192.0,8883.0,124.0,-81.0,Relief,Stress,False,8460.75,8298.555555555555,57.43039265055665,False
2024-02-21,232.0,430.0,318.0,8573.0,231.0,9003.0,86.0,-87.0,Relief,Stress,False,8476.0,8344.444444444445,79.45229176470485,False
2024-02-22,165.0,400.0,292.0,8607.0,293.0,9007.0,127.0,1.0,Relief,Relief,False,8512.0,8391.0,101.2356985784351,False
2024-02-23,,,,,,,,,No Data,No Data,False,8512.0,8391.0,101.2356985784351,False
2024-02-24,,,,,,,,,No Data,No Data,False,8512.0,8391.0,101.2356985784351,False
2024-02-25,244.0,482.0,366.0,8404.0,329.0,8886.0,122.0,-37.0,Relief,Stress,False,8490.4,8429.666666666666,100.09645348361657,False
2024-02-26,199.0,438.0,326.0,8404.0,329.0,8842.0,127.0,3.0,Relief,Relief,False,8495.2,8464.333333333334,93.86000213082167,False
2024-02-27,197.0,369.0,306.0,8650.0,206.0,9019.0,109.0,-100.0,Relief,Stress,False,8527.6,8497.888888888889,116.08315984671434,False
2024-02-28,209.0,447.0,274.0,8699.0,257.0,9146.0,65.0,-17.0,Relief,Stress,False,8552.8,8518.666666666666,139.68070732924383,False
2024-02-29,262.0,444.0,354.0,8724.0,299.0,9168.0,92.0,-55.0,Relief,Stress,False,8576.2,8547.666666666666,159.43399888354375,False
2024-03-01,,,,,,,,,No Data,No Data,False,8576.2,8547.666666666666,159.43399888354375,False
2024-03-02,,,,,,,,,No Data,No Data,False,8576.2,8547.666666666666,159.43399888354375,False
2024-03-03,236.0,468.0,347.0,8594.0,354.0,9062.0,111.0,7.0,Relief,Relief,False,8614.2,8552.3,127.59388700089748,False
2024-03-04,225.0,509.0,340.0,8660.0,229.0,9169.0,115.0,-111.0,Relief,Stress,False,8665.4,8580.3,49.81766754874967,False
2024-03-05,246.0,472.0,345.0,8800.0,214.0,9272.0,99.0,-131.0,Relief,Stress,False,8695.4,8611.5,76.33347889358744,False
2024-03-06,230.0,457.0,277.0,8870.0,232.0,9327.0,47.0,-45.0,Relief,Stress,False,8729.6,8641.2,109.46597644929562,False
2024-03-07,181.0,424.0,328.0,8902.0,305.0,9326.0,147.0,-23.0,Relief,Stress,False,8765.2,8670.7,133.4960673577979,False
2024-03-08,,,,,,,,,No Data,No Data,False,8765.2,8670.7,133.4960673577979,False
2024-03-09,,,,,,,,,No Data,No Data,False,8765.2,8670.7,133.4960673577979,False
2024-03-10,190.0,368.0,326.0,8714.0,373.0,9082.0,136.0,47.0,Relief,Relief,False,8789.2,8701.7,102.12345470065968,False
2024-03-11,178.0,336.0,290.0,8757.0,253.0,9093.0,112.0,-37.0,Relief,Stress,False,8808.6,8737.0,77.74831187876471,False
2024-03-12,154.0,294.0,290.0,8843.0,213.0,9137.0,136.0,-77.0,Relief,Stress,False,8817.2,8756.3,78.92844861010293,False
2024-03-13,165.0,358.0,167.0,8819.0,239.0,9177.0,2.0,72.0,Relief,Relief,False,8807.0,8768.3,73.50850290951158,False
2024-03-14,166.0,301.0,252.0,8695.0,310.0,8996.0,86.0,58.0,Relief,Relief,False,8765.6,8765.4,64.34904816699063,False
2024-03-15,,,,,,,,,No Data,No Data,False,8765.6,8765.4,64.34904816699063,False
2024-03-16,,,,,,,,,No Data,No Data,False,8765.6,8765.4,64.34904816699063,False
2024-03-17,127.0,260.0,259.0,8373.0,342.0,8633.0,132.0,83.0,Relief,Relief,False,8697.4,8743.3,190.2493101170084,False
2024-03-18,123.0,243.0,188.0,8333.0,283.0,8576.0,65.0,95.0,Relief,Relief,False,8612.6,8710.6,243.95655350901657,False
2024-03-19,99.0,202.0,256.0,8390.0,197.0,8592.0,157.0,-59.0,Relief,Stress,False,8522.0,8669.6,219.93408103338075,False
2024-03-20,91.0,181.0,174.0,8365.0,227.0,8546.0,83.0,53.0,Relief,Relief,False,8431.2,8619.1,148.9133976511103,False
2024-03-21,132.0,261.0,141.0,8292.0,235.0,8553.0,9.0,94.0,Relief,Relief,False,8350.6,8558.1,38.746612755152796,False
2024-03-22,,,,,,,,,No Data,No Data,False,8350.6,8558.1,38.746612755152796,False
2024-03-23,,,,,,,,,No Data,No Data,False,8350.6,8558.1,38.746612755152796,False
2024-03-24,124.0,264.0,221.0,7899.0,373.0,8163.0,97.0,152.0,Relief,Relief,False,8255.8,8476.6,202.7996548320477,False
2024-03-25,128.0,242.0,224.0,7899.0,229.0,8141.0,96.0,5.0,Relief,Relief,False,8169.0,8390.8,249.09134870564588,False
2024-03-26,187.0,276.0,200.0,7919.0,208.0,8195.0,13.0,8.0,Relief,Relief,False,8074.8,8298.4,233.17203949015345,False
2024-03-27,129.0,287.0,185.0,7893.0,215.0,8180.0,56.0,30.0,Relief,Relief,False,7980.4,8205.8,174.46718889234643,False
2024-03-28,161.0,288.0,248.0,7762.0,360.0,8050.0,87.0,112.0,Relief,Relief,False,7874.4,8112.5,63.59874212590719,False
2024-03-29,,,,,,,,,No Data,No Data,False,7874.4,8112.5,63.59874212590719,False
2024-03-30,,,,,,,,,No Data,No Data,False,7874.4,8112.5,63.59874212590719,False
2024-03-31,105.0,254.0,151.0,7257.0,287.0,7511.0,46.0,136.0,Relief,Relief,False,7746.0,8000.9,280.3230279516787,False
2024-04-01,109.0,235.0,171.0,7271.0,172.0,7506.0,62.0,1.0,Relief,Relief,False,7620.4,7894.7,330.78059193368284,False
2024-04-02,101.0,230.0,175.0,7340.0,132.0,7570.0,74.0,-43.0,Relief,Stress,False,7504.6,7789.7,300.03216494235676,False
2024-04-03,124.0,230.0,190.0,7346.0,163.0,7576.0,66.0,-27.0,Relief,Stress,False,7395.2,7687.8,208.88681145538516,False
2024-04-04,95.0,226.0,152.0,7317.0,225.0,7543.0,57.0,73.0,Relief,Relief,False,7306.2,7590.3,40.31997023805458,False
2024-04-05,,,,,,,,,No Data,No Data,False,7306.2,7590.3,40.31997023805458,False
2024-04-06,,,,,,,,,No Data,No Data,False,7306.2,7590.3,40.31997023805458,False
2024-04-07,106.0,239.0,233.0,6982.0,279.0,7221.0,127.0,46.0,Relief,Relief,False,7251.2,7498.6,153.34829637135718,False
2024-04-08,102.0,230.0,167.0,6988.0,199.0,7218.0,65.0,32.0,Relief,Relief,False,7194.6,7407.5,191.65541995987908,False
2024-04-09,118.0,231.0,217.0,7043.0,130.0,7274.0,99.0,-87.0,Relief,Stress,False,7135.2,7319.9,181.05717329064217,False
2024-04-10,117.0,244.0,142.0,6999.0,227.0,7243.0,25.0,85.0,Relief,Relief,False,7065.8,7230.5,142.4419179876402,False
2024-04-11,183.0,221.0,220.0,6912.0,285.0,7133.0,37.0,65.0,Relief,Relief,False,6984.8,7145.5,47.18792218351679,False
2024-04-12,,,,,,,,,No Data,No Data,False,6984.8,7145.5,47.18792218351679,False
2024-04-13,,,,,,,,,No Data,No Data,False,6984.8,7145.5,47.18792218351679,False
2024-04-14,128.0,245.0,243.0,6630.0,290.0,6875.0,115.0,47.0,Relief,Relief,False,6914.4,7082.8,165.8321440493296,False
2024-04-15,144.0,303.0,176.0,6681.0,191.0,6984.0,32.0,15.0,Relief,Relief,False,6853.0,7023.8,187.2231289130635,False
2024-04-16,219.0,392.0,205.0,6685.0,163.0,7077.0,-14.0,-42.0,Stress,Stress,False,6781.4,6958.3,163.3257481231835,False
2024-04-17,182.0,371.0,274.0,6725.0,227.0,7096.0,92.0,-47.0,Relief,Stress,False,6726.6,6896.2,108.99220155587993,False
2024-04-18,144.0,322.0,258.0,6728.0,260.0,7050.0,114.0,2.0,Relief,Relief,False,6689.8,6837.3,39.921172327445156,False
2024-04-19,,,,,,,,,No Data,No Data,False,6689.8,6837.3,39.921172327445156,False
2024-04-20,,,,,,,,,No Data,No Data,False,6689.8,6837.3,39.921172327445156,False
2024-04-21,208.0,380.0,343.0,6745.0,240.0,7125.0,135.0,-103.0,Relief,Stress,False,6712.8,6813.6,28.287806560381593,True
2024-04-22,176.0,424.0,251.0,6799.0,214.0,7223.0,75.0,-37.0,Relief,Stress,False,6736.4,6794.7,41.337634184814846,True
2024-04-23,252.0,427.0,307.0,6967.0,134.0,7394.0,55.0,-173.0,Relief,Stress,False,6792.8,6787.1,101.81453727242278,True
2024-04-24,253.0,411.0,307.0,7128.0,154.0,7539.0,54.0,-153.0,Relief,Stress,False,6873.4,6800.0,170.83998361038786,True
2024-04-25,145.0,357.0,333.0,7209.0,217.0,7566.0,188.0,-116.0,Relief,Stress,False,6969.6,6829.7,201.22077427541518,True
2024-04-26,,,,,,,,,No Data,No Data,False,6969.6,6829.7,201.22077427541518,False
2024-04-27,,,,,,,,,No Data,No Data,False,6969.6,6829.7,201.22077427541518,False
2024-04-28,158.0,349.0,365.0,7298.0,250.0,7647.0,207.0,-115.0,Relief,Stress,False,7080.2,6896.5,198.87106375739427,True
2024-04-29,140.0,292.0,255.0,7373.0,187.0,7665.0,115.0,-68.0,Relief,Stress,False,7195.0,6965.7,157.29113134565978,True
2024-04-30,220.0,443.0,194.0,7431.0,135.0,7874.0,-26.0,-59.0,Stress,Stress,False,7287.8,7040.3,122.08071100709392,True
2024-05-01,197.0,437.0,295.0,7508.0,190.0,7945.0,98.0,-105.0,Relief,Stress,False,7363.8,7118.6,115.85206083621287,True
2024-05-02,206.0,411.0,293.0,7577.0,194.0,7988.0,87.0,-99.0,Relief,Stress,False,7437.4,7203.5,109.65080939052649,True
2024-05-03,,,,,,,,,No Data,No Data,False,7437.4,7203.5,109.65080939052649,False
2024-05-04,,,,,,,,,No Data,No Data,False,7437.4,7203.5,109.65080939052649,False
2024-05-05,150.0,315.0,228.0,7447.0,332.0,7762.0,78.0,104.0,Relief,Relief,False,7467.2,7273.7,77.96281164758996,False
2024-05-06,173.0,337.0,211.0,7449.0,205.0,7786.0,38.0,-6.0,Relief,Stress,False,7482.4,7338.7,60.446670710615564,False
2024-05-07,176.0,334.0,246.0,7566.0,163.0,7900.0,70.0,-83.0,Relief,Stress,False,7509.4,7398.6,61.88133805920491,False
2024-05-08,167.0,374.0,205.0,7583.0,202.0,7957.0,38.0,-3.0,Relief,Stress,False,7524.4,7444.1,70.01285596229887,False
2024-05-09,138.0,285.0,268.0,7570.0,244.0,7855.0,130.0,-24.0,Relief,Stress,False,7523.0,7480.2,68.75681784374261,False
2024-05-10,,,,,,,,,No Data,No Data,False,7523.0,7480.2,68.75681784374261,False
2024-05-11,,,,,,,,,No Data,No Data,False,7523.0,7480.2,68.75681784374261,False
2024-05-12,138.0,301.0,263.0,7464.0,245.0,7765.0,125.0,-18.0,Relief,Stress,False,7526.4,7496.8,64.33739192722686,False
2024-05-13,112.0,331.0,167.0,7499.0,157.0,7830.0,55.0,-10.0,Relief,Stress,False,7536.4,7509.4,52.00288453535631,False
2024-05-14,246.0,419.0,218.0,7546.0,186.0,7965.0,-28.0,-32.0,Stress,Stress,False,7532.4,7520.9,49.882862788713304,False
2024-05-15,115.0,285.0,341.0,7589.0,265.0,7874.0,226.0,-76.0,Relief,Stress,False,7533.6,7529.0,51.451919303341704,False
2024-05-16,206.0,340.0,214.0,7565.0,234.0,7905.0,8.0,20.0,Relief,Relief,False,7532.6,7527.8,50.6092876851432,False
2024-05-17,,,,,,,,,No Data,No Data,False,7532.6,7527.8,50.6092876851432,False
2024-05-18,,,,,,,,,No Data,No Data,False,7532.6,7527.8,50.6092876851432,False
2024-05-19,143.0,295.0,278.0,7356.0,298.0,7651.0,135.0,20.0,Relief,Relief,False,7511.0,7518.7,92.72809714427218,False
2024-05-20,111.0,268.0,217.0,7368.0,192.0,7636.0,106.0,-25.0,Relief,Stress,False,7484.8,7510.6,113.21086520293706,False
2024-05-21,196.0,348.0,176.0,7404.0,145.0,7752.0,-20.0,-31.0,Stress,Stress,False,7456.4,7494.4,111.82262740607369,False
2024-05-22,168.0,349.0,272.0,7474.0,208.0,7823.0,104.0,-64.0,Relief,Stress,False,7433.4,7483.5,86.74560507597818,False
2024-05-23,193.0,272.0,314.0,7494.0,227.0,7766.0,121.0,-87.0,Relief,Stress,False,7419.2,7475.9,62.13855485926239,False
2024-05-24,,,,,,,,,No Data,No Data,False,7419.2,7475.9,62.13855485926239,False
2024-05-25,,,,,,,,,No Data,No Data,False,7419.2,7475.9,62.13855485926239,False
2024-05-26,,,,,,,,,No Data,No Data,False,7435.0,7477.222222222223,59.02541825346732,False
2024-05-27,156.0,344.0,252.0,7365.0,167.0,7709.0,96.0,-85.0,Relief,Stress,False,7434.25,7462.333333333333,60.16851336036776,False
2024-05-28,153.0,348.0,239.0,7418.0,151.0,7766.0,86.0,-88.0,Relief,Stress,False,7437.75,7448.111111111111,58.19722215590209,False
2024-05-29,182.0,462.0,158.0,7491.0,141.0,7953.0,-24.0,-17.0,Stress,Stress,False,7442.0,7437.222222222223,62.20932405995706,False
2024-05-30,167.0,406.0,339.0,7563.0,190.0,7969.0,172.0,-149.0,Relief,Stress,False,7459.25,7437.0,86.32641542423008,False
2024-05-31,,,,,,,,,No Data,No Data,False,7459.25,7437.0,86.32641542423008,False
2024-06-01,,,,,,,,,No Data,No Data,False,7459.25,7437.0,86.32641542423008,False
2024-06-02,159.0,330.0,322.0,7546.0,306.0,7876.0,163.0,-16.0,Relief,Stress,False,7476.6,7458.111111111111,84.22766766328955,False
2024-06-03,109.0,244.0,257.0,7596.0,224.0,7840.0,148.0,-33.0,Relief,Stress,False,7522.8,7483.444444444444,69.83337311055178,False
2024-06-04,260.0,356.0,176.0,7565.0,203.0,7921.0,-84.0,27.0,Stress,Relief,False,7552.2,7501.333333333333,38.67428085947469,False
2024-06-05,173.0,345.0,291.0,7691.0,198.0,8036.0,118.0,-93.0,Relief,Stress,False,7592.2,7525.444444444444,58.10077452149446,False
2024-06-06,179.0,326.0,282.0,7741.0,238.0,8067.0,103.0,-44.0,Relief,Stress,False,7627.8,7552.888888888889,84.34275309709504,False
2024-06-07,,,,,,,,,No Data,No Data,False,7627.8,7552.888888888889,84.34275309709504,False
2024-06-08,,,,,,,,,No Data,No Data,False,7627.8,7552.888888888889,84.34275309709504,False
2024-06-09,116.0,289.0,166.0,7451.0,312.0,7740.0,50.0,146.0,Relief,Relief,False,7608.8,7542.7,113.15564502046523,False
2024-06-10,184.0,334.0,229.0,7439.0,212.0,7773.0,45.0,-17.0,Relief,Stress,False,7577.4,7550.1,136.8897366496025,False
2024-06-11,186.0,352.0,224.0,7493.0,156.0,7845.0,38.0,-68.0,Relief,Stress,False,7563.0,7557.6,142.20407870380345,False
2024-06-12,152.0,266.0,274.0,7548.0,212.0,7814.0,122.0,-62.0,Relief,Stress,False,7534.4,7563.3,123.12513959381944,False
2024-06-13,167.0,293.0,230.0,7544.0,259.0,7837.0,63.0,29.0,Relief,Relief,False,7495.0,7561.4,50.709959574007755,False
2024-06-14,,,,,,,,,No Data,No Data,False,7495.0,7561.4,50.709959574007755,False
2024-06-15,,,,,,,,,No Data,No Data,False,7495.0,7561.4,50.709959574007755,False
2024-06-16,204.0,315.0,233.0,7307.0,294.0,7622.0,29.0,61.0,Relief,Relief,False,7466.2,7537.5,99.43188623373032,False
2024-06-17,159.0,310.0,272.0,7318.0,224.0,7628.0,113.0,-48.0,Relief,Stress,False,7442.0,7509.7,120.25181911304915,False
2024-06-18,160.0,297.0,253.0,7340.0,214.0,7637.0,93.0,-39.0,Relief,Stress,False,7411.4,7487.2,123.4536350214018,False
2024-06-19,204.0,321.0,246.0,7433.0,198.0,7754.0,42.0,-48.0,Relief,Stress,False,7388.4,7461.4,100.15637773001514,False
2024-06-20,145.0,247.0,243.0,7431.0,235.0,7678.0,98.0,-8.0,Relief,Stress,False,7365.8,7430.4,61.59301908493731,False
2024-06-21,,,,,,,,,No Data,No Data,False,7365.8,7430.4,61.59301908493731,False
2024-06-22,,,,,,,,,No Data,No Data,False,7365.8,7430.4,61.59301908493731,False
2024-06-23,102.0,227.0,201.0,7247.0,294.0,7474.0,99.0,93.0,Relief,Relief,False,7353.8,7410.0,79.23193800480621,False
2024-06-24,116.0,175.0,172.0,7239.0,202.0,7414.0,56.0,30.0,Relief,Relief,False,7338.0,7390.0,94.55157322856904,False
2024-06-25,172.0,263.0,191.0,7239.0,202.0,7502.0,19.0,11.0,Relief,Relief,False,7317.8,7364.6,104.30340358779026,False
2024-06-26,132.0,235.0,197.0,7268.0,187.0,7503.0,65.0,-10.0,Relief,Stress,False,7284.8,7336.6,82.58450217805678,False
2024-06-27,174.0,208.0,256.0,7248.0,268.0,7456.0,82.0,12.0,Relief,Relief,False,7248.2,7307.0,11.861703081660467,False
2024-06-28,,,,,,,,,No Data,No Data,False,7248.2,7307.0,11.861703081660467,False
2024-06-29,,,,,,,,,No Data,No Data,False,7248.2,7307.0,11.861703081660467,False
2024-06-30,123.0,230.0,167.0,6874.0,273.0,7104.0,44.0,106.0,Relief,Relief,False,7173.6,7263.7,167.89967242373498,False
2024-07-01,123.0,233.0,159.0,6825.0,229.0,7058.0,36.0,70.0,Relief,Relief,False,7090.8,7214.4,221.20510844010258,False
2024-07-02,141.0,232.0,188.0,6823.0,184.0,7055.0,47.0,-4.0,Relief,Stress,False,7007.6,7162.7,229.60248256497047,False
2024-07-03,,,,,,,,,No Data,No Data,False,6942.5,7132.666666666667,205.0276404130188,False
2024-07-04,158.0,226.0,191.0,6790.0,225.0,7016.0,33.0,34.0,Relief,Relief,False,6828.0,7061.444444444444,34.61213659970788,False
2024-07-05,,,,,,,,,No Data,No Data,False,6828.0,7061.444444444444,34.61213659970788,False
2024-07-06,,,,,,,,,No Data,No Data,False,6828.0,7061.444444444444,34.61213659970788,False
2024-07-07,96.0,160.0,233.0,6599.0,213.0,6759.0,137.0,-20.0,Relief,Stress,False,6759.25,6989.444444444444,108.03201685918634,False
2024-07-08,141.0,173.0,129.0,6617.0,123.0,6790.0,-12.0,-6.0,Stress,Stress,False,6707.25,6920.333333333333,115.62691439855246,False
2024-07-09,116.0,181.0,182.0,6651.0,130.0,6832.0,66.0,-52.0,Relief,Stress,False,6664.25,6855.0,86.5616350738797,False
2024-07-10,150.0,157.0,201.0,6649.0,177.0,6806.0,51.0,-24.0,Relief,Stress,False,6661.2,6786.222222222223,75.27416555497403,False
2024-07-11,80.0,176.0,125.0,6640.0,197.0,6816.0,45.0,72.0,Relief,Relief,False,6631.2,6718.666666666667,22.49888886140009,False
2024-07-12,,,,,,,,,No Data,No Data,False,6631.2,6718.666666666667,22.49888886140009,False
2024-07-13,,,,,,,,,No Data,No Data,False,6631.2,6718.666666666667,22.49888886140009,False
2024-07-14,116.0,188.0,164.0,6308.0,237.0,6496.0,48.0,73.0,Relief,Relief,False,6573.0,6655.777777777777,148.7531512271173,False
2024-07-15,105.0,185.0,158.0,6283.0,171.0,6468.0,53.0,13.0,Relief,Relief,False,6506.2,6595.555555555556,192.58945973234782,False
2024-07-16,136.0,246.0,123.0,6239.0,173.0,6485.0,-13.0,50.0,Stress,Relief,False,6423.8,6530.666666666667,203.0041871489296,False
2024-07-17,128.0,228.0,177.0,6228.0,187.0,6456.0,49.0,10.0,Relief,Relief,False,6339.6,6500.4,171.038884467824,False
2024-07-18,,,,,,,,,No Data,No Data,False,6264.5,6468.222222222223,37.49222141542932,False
2024-07-19,,,,,,,,,No Data,No Data,False,6264.5,6468.222222222223,37.49222141542932,False
2024-07-20,,,,,,,,,No Data,No Data,False,6264.5,6468.222222222223,37.49222141542932,False
2024-07-21,90.0,196.0,205.0,6058.0,262.0,6254.0,115.0,57.0,Relief,Relief,False,6202.0,6408.111111111111,98.89725307946414,False
2024-07-22,102.0,189.0,155.0,6002.0,234.0,6191.0,53.0,79.0,Relief,Relief,False,6131.75,6339.777777777777,119.77861523103186,False
2024-07-23,120.0,257.0,126.0,5965.0,170.0,6222.0,6.0,44.0,Relief,Relief,False,6063.25,6263.555555555556,116.29667521758125,False
2024-07-24,137.0,272.0,166.0,5927.0,177.0,6199.0,29.0,11.0,Relief,Relief,False,5988.0,6183.333333333333,55.81517117531952,False
2024-07-25,93.0,198.0,208.0,5954.0,194.0,6152.0,115.0,-14.0,Relief,Stress,False,5981.2,6107.111111111111,50.67247773691023,False
2024-07-26,,,,,,,,,No Data,No Data,False,5981.2,6107.111111111111,50.67247773691023,False
2024-07-27,,,,,,,,,No Data,No Data,False,5981.2,6107.111111111111,50.67247773691023,False
2024-07-28,152.0,290.0,199.0,5743.0,207.0,6033.0,47.0,8.0,Relief,Relief,False,5918.2,6044.333333333333,101.5711573233152,False
2024-07-29,114.0,210.0,219.0,5819.0,163.0,6029.0,105.0,-56.0,Relief,Stress,False,5881.6,5992.777777777777,96.67884980696476,False
2024-07-30,125.0,203.0,208.0,5930.0,92.0,6133.0,83.0,-116.0,Relief,Stress,False,5874.6,5958.444444444444,90.17926590961835,False
2024-07-31,140.0,261.0,163.0,5963.0,154.0,6224.0,23.0,-9.0,Relief,Stress,False,5881.8,5929.0,96.61625122099106,False
2024-08-01,227.0,298.0,212.0,6016.0,169.0,6314.0,-15.0,-43.0,Stress,Stress,False,5894.2,5937.7,111.09320411257237,False
2024-08-02,,,,,,,,,No Data,No Data,False,5894.2,5937.7,111.09320411257237,False
2024-08-03,,,,,,,,,No Data,No Data,False,5894.2,5937.7,111.09320411257237,False
2024-08-04,63.0,167.0,143.0,5943.0,170.0,6110.0,80.0,27.0,Relief,Relief,False,5934.2,5926.2,72.26133129134611,False
2024-08-05,172.0,259.0,138.0,5950.0,150.0,6209.0,-34.0,12.0,Stress,Relief,False,5960.4,5921.0,33.29113996242366,False
2024-08-06,163.0,283.0,200.0,5998.0,143.0,6281.0,37.0,-57.0,Relief,Stress,False,5974.0,5924.3,31.614869919037858,False
2024-08-07,135.0,273.0,207.0,6038.0,174.0,6311.0,72.0,-33.0,Relief,Stress,False,5989.0,5935.4,41.376321731126424,False
2024-08-08,119.0,230.0,213.0,6084.0,174.0,6314.0,94.0,-39.0,Relief,Stress,False,6002.6,5948.4,59.622143537428066,False
2024-08-09,,,,,,,,,No Data,No Data,False,6002.6,5948.4,59.622143537428066,False
2024-08-10,,,,,,,,,No Data,No Data,False,6002.6,5948.4,59.622143537428066,False
2024-08-11,95.0,211.0,140.0,5894.0,249.0,6105.0,45.0,109.0,Relief,Relief,False,5992.8,5963.5,74.1296162137487,False
2024-08-12,109.0,219.0,155.0,5903.0,148.0,6122.0,46.0,-7.0,Relief,Stress,False,5983.4,5971.9,83.32346608247681,False
2024-08-13,162.0,239.0,189.0,5981.0,123.0,6220.0,27.0,-66.0,Relief,Stress,False,5980.0,5977.0,82.92466460587984,False
2024-08-14,109.0,226.0,191.0,5987.0,178.0,6213.0,82.0,-13.0,Relief,Stress,False,5969.8,5979.4,76.92658838137605,False
2024-08-15,124.0,241.0,156.0,5895.0,220.0,6136.0,32.0,64.0,Relief,Relief,False,5932.0,5967.3,47.64451699826189,False
2024-08-16,,,,,,,,,No Data,No Data,False,5932.0,5967.3,47.64451699826189,False
2024-08-17,,,,,,,,,No Data,No Data,False,5932.0,5967.3,47.64451699826189,False
2024-08-18,86.0,244.0,235.0,5821.0,178.0,6065.0,149.0,-57.0,Relief,Stress,False,5917.4,5955.1,68.722630915861,True
2024-08-19,176.0,254.0,162.0,5865.0,158.0,6119.0,-14.0,-4.0,Stress,Stress,False,5909.8,5946.6,72.69938101523051,True
2024-08-20,136.0,274.0,245.0,5995.0,112.0,6269.0,109.0,-133.0,Relief,Stress,False,5912.6,5946.3,76.30727357203672,True
2024-08-21,134.0,245.0,167.0,6028.0,156.0,6273.0,33.0,-11.0,Relief,Stress,False,5920.8,5945.3,87.65956878742706,True
2024-08-22,182.0,307.0,205.0,6054.0,171.0,6361.0,23.0,-34.0,Relief,Stress,False,5952.6,5942.3,103.38907098914103,True
2024-08-23,,,,,,,,,No Data,No Data,False,5952.6,5942.3,103.38907098914103,False
2024-08-24,,,,,,,,,No Data,No Data,False,5952.6,5942.3,103.38907098914103,False
2024-08-25,,,,,,,,,No Data,No Data,False,5985.5,5947.666666666667,83.88285482343917,False
2024-08-26,,,,,,,,,No Data,No Data,False,6025.666666666667,5953.25,29.56912804477964,False
2024-08-27,149.0,285.0,222.0,6152.0,97.0,6437.0,73.0,-125.0,Relief,Stress,False,6078.0,5974.625,65.39113089705081,False
2024-08-28,170.0,285.0,178.0,6227.0,134.0,6512.0,8.0,-44.0,Relief,Stress,False,6144.333333333333,6004.625,86.75444272962962,False
2024-08-29,145.0,295.0,188.0,6250.0,169.0,6545.0,43.0,-19.0,Relief,Stress,False,6209.666666666667,6049.0,51.247764178826344,False
2024-08-30,,,,,,,,,No Data,No Data,False,6209.666666666667,6049.0,51.247764178826344,False
2024-08-31,,,,,,,,,No Data,No Data,False,6209.666666666667,6049.0,51.247764178826344,False
2024-09-01,,,,,,,,,No Data,No Data,False,6209.666666666667,6081.571428571428,51.247764178826344,False
2024-09-02,133.0,270.0,198.0,6192.0,129.0,6462.0,65.0,-69.0,Relief,Stress,False,6205.25,6128.285714285715,42.76583527377327,False
2024-09-03,131.0,263.0,177.0,6272.0,112.0,6535.0,46.0,-65.0,Relief,Stress,False,6235.25,6167.857142857143,34.18942331574942,False
2024-09-04,121.0,231.0,219.0,6375.0,114.0,6606.0,98.0,-105.0,Relief,Stress,False,6272.25,6217.428571428572,76.36043914661249,False
2024-09-05,126.0,230.0,175.0,6448.0,121.0,6678.0,49.0,-54.0,Relief,Stress,False,6321.75,6273.714285714285,112.6717207939219,False
2024-09-06,,,,,,,,,No Data,No Data,False,6321.75,6273.714285714285,112.6717207939219,False
2024-09-07,,,,,,,,,No Data,No Data,False,6321.75,6273.714285714285,112.6717207939219,False
2024-09-08,123.0,255.0,164.0,6312.0,221.0,6567.0,41.0,57.0,Relief,Relief,False,6319.8,6278.5,97.67394739641489,False
2024-09-09,144.0,275.0,190.0,6353.0,141.0,6628.0,46.0,-49.0,Relief,Stress,False,6352.0,6286.777777777777,66.60705668318947,False
2024-09-10,131.0,251.0,180.0,6396.0,148.0,6647.0,49.0,-32.0,Relief,Stress,False,6376.8,6313.888888888889,50.51435439553408,False
2024-09-11,93.0,248.0,175.0,6410.0,162.0,6658.0,82.0,-13.0,Relief,Stress,False,6383.8,6334.222222222223,52.58516901178137,False
2024-09-12,184.0,280.0,210.0,6360.0,220.0,6640.0,26.0,10.0,Relief,Relief,False,6366.2,6346.444444444444,38.5901541846831,False
2024-09-13,81.0,200.0,212.0,6326.0,279.0,6526.0,131.0,67.0,Relief,Relief,False,6359.5,6344.4,38.219105170033615,False
2024-09-14,,,,,,,,,No Data,No Data,False,6359.5,6344.4,38.219105170033615,False
2024-09-15,98.0,220.0,167.0,6234.0,210.0,6454.0,69.0,43.0,Relief,Relief,False,6346.5,6334.363636363636,62.90230520416633,False
2024-09-16,113.0,209.0,160.0,6229.0,164.0,6438.0,47.0,4.0,Relief,Relief,False,6325.833333333333,6337.727272727273,78.72081469766904,False
2024-09-17,159.0,304.0,139.0,6227.0,160.0,6531.0,-20.0,21.0,Stress,Relief,False,6297.666666666667,6333.636363636364,78.82808298230213,False
2024-09-18,116.0,213.0,217.0,6245.0,149.0,6458.0,101.0,-68.0,Relief,Stress,False,6270.166666666667,6321.818181818182,57.76994605038731,False
2024-09-19,93.0,196.0,169.0,6270.0,188.0,6466.0,76.0,19.0,Relief,Relief,False,6255.166666666667,6305.636363636364,38.12304639800751,False
2024-09-20,,,,,,,,,No Data,No Data,False,6241.0,6305.636363636364,17.649362594649958,False
2024-09-21,,,,,,,,,No Data,No Data,False,6241.0,6305.636363636364,17.649362594649958,False
2024-09-22,124.0,234.0,161.0,5989.0,197.0,6223.0,37.0,36.0,Relief,Relief,False,6192.0,6276.272727272727,114.77804668139866,False
2024-09-23,92.0,203.0,173.0,6002.0,165.0,6205.0,81.0,-8.0,Relief,Stress,False,6146.6,6244.363636363636,138.85351994096965,False
2024-09-24,186.0,259.0,172.0,6023.0,143.0,6282.0,-14.0,-29.0,Stress,Stress,False,6105.8,6210.454545454545,139.29357486975908,False
2024-09-25,154.0,225.0,220.0,6050.0,169.0,6275.0,66.0,-51.0,Relief,Stress,False,6066.8,6177.727272727273,115.9124669739934,False
2024-09-26,91.0,199.0,172.0,6090.0,185.0,6289.0,81.0,13.0,Relief,Relief,False,6030.8,6153.181818181818,40.3447642203675,False
2024-09-27,,,,,,,,,No Data,No Data,False,6030.8,6135.9,40.3447642203675,False
2024-09-28,,,,,,,,,No Data,No Data,False,6030.8,6135.9,40.3447642203675,False
2024-09-29,81.0,213.0,153.0,5925.0,177.0,6138.0,72.0,24.0,Relief,Relief,False,6018.0,6105.0,61.51828996320539,False
2024-09-30,209.0,285.0,184.0,5967.0,138.0,6252.0,-25.0,-46.0,Stress,Stress,False,6011.0,6078.8,65.64678209933068,False
2024-10-01,184.0,314.0,217.0,6040.0,137.0,6354.0,33.0,-80.0,Relief,Stress,False,6014.4,6060.1,66.85282342576868,False
2024-10-02,107.0,215.0,230.0,6091.0,173.0,6306.0,123.0,-57.0,Relief,Stress,False,6022.6,6044.7,74.39959677308065,False
2024-10-03,101.0,162.0,178.0,6118.0,193.0,6280.0,77.0,15.0,Relief,Relief,False,6028.2,6029.5,81.45980603952484,False
2024-10-04,,,,,,,,,No Data,No Data,False,6028.2,6029.5,81.45980603952484,False
2024-10-05,,,,,,,,,No Data,No Data,False,6028.2,6029.5,81.45980603952484,False
2024-10-06,,,,,,,,,No Data,No Data,False,6054.0,6034.0,66.40783086350596,False
2024-10-07,99.0,190.0,176.0,5968.0,153.0,6158.0,77.0,-23.0,Relief,Stress,False,6054.25,6030.222222222223,65.97158479221198,False
2024-10-08,167.0,239.0,166.0,6013.0,123.0,6252.0,-1.0,-43.0,Stress,Stress,False,6047.5,6029.111111111111,69.21704992266007,False
2024-10-09,115.0,216.0,169.0,6047.0,137.0,6263.0,54.0,-32.0,Relief,Stress,False,6036.5,6028.777777777777,63.237647015018,False
2024-10-10,84.0,158.0,193.0,6075.0,159.0,6233.0,109.0,-34.0,Relief,Stress,False,6025.75,6027.111111111111,46.09681840065189,False
2024-10-11,,,,,,,,,No Data,No Data,False,6025.75,6027.111111111111,46.09681840065189,False
2024-10-12,,,,,,,,,No Data,No Data,False,6025.75,6027.111111111111,46.09681840065189,False
2024-10-13,130.0,227.0,192.0,5889.0,210.0,6116.0,62.0,18.0,Relief,Relief,False,5998.4,6023.111111111111,73.03286931236508,False
2024-10-14,88.0,214.0,160.0,5935.0,106.0,6149.0,72.0,-54.0,Relief,Stress,False,5991.8,6019.555555555556,77.80231359025902,False
2024-10-15,113.0,208.0,159.0,6013.0,107.0,6221.0,46.0,-52.0,Relief,Stress,False,5991.8,6016.555555555556,77.80231359025902,False
2024-10-16,174.0,285.0,150.0,6036.0,129.0,6321.0,-24.0,-21.0,Stress,Stress,False,5989.6,6010.444444444444,75.98552493729974,False
2024-10-17,104.0,230.0,206.0,6076.0,160.0,6306.0,102.0,-46.0,Relief,Stress,False,5989.8,6005.777777777777,76.26729312095064,False
2024-10-18,,,,,,,,,No Data,No Data,False,5989.8,6005.777777777777,76.26729312095064,False
2024-10-19,,,,,,,,,No Data,No Data,False,5989.8,6005.777777777777,76.26729312095064,False
2024-10-20,147.0,276.0,214.0,5918.0,195.0,6194.0,67.0,-19.0,Relief,Stress,False,5995.6,5997.0,67.25548304783045,False
2024-10-21,108.0,220.0,213.0,5966.0,154.0,6186.0,105.0,-59.0,Relief,Stress,False,6001.8,5996.8,61.45079332276357,False
2024-10-22,180.0,280.0,146.0,6043.0,109.0,6323.0,-34.0,-37.0,Stress,Stress,False,6007.8,5999.8,64.21993459975651,False
2024-10-23,134.0,294.0,186.0,6077.0,138.0,6371.0,52.0,-48.0,Relief,Stress,False,6016.0,6002.8,70.98239218282943,False
2024-10-24,,,,,,,,,No Data,No Data,False,6001.0,5994.777777777777,72.23572523340515,False
2024-10-25,,,,,,,,,No Data,No Data,False,6001.0,5994.777777777777,72.23572523340515,False
2024-10-26,,,,,,,,,No Data,No Data,False,6001.0,5994.777777777777,72.23572523340515,False
2024-10-27,202.0,313.0,158.0,5974.0,192.0,6287.0,-44.0,34.0,Stress,Relief,False,6015.0,6004.222222222223,53.88258840599007,False
2024-10-28,110.0,272.0,193.0,6008.0,156.0,6280.0,83.0,-37.0,Relief,Stress,False,6025.5,6012.333333333333,44.41095960829194,False
2024-10-29,166.0,277.0,229.0,6106.0,126.0,6383.0,63.0,-103.0,Relief,Stress,False,6041.25,6022.666666666667,60.82420022761774,False
2024-10-30,136.0,276.0,178.0,6149.0,160.0,6425.0,42.0,-18.0,Relief,Stress,False,6059.25,6035.222222222223,81.92425363303188,False
2024-10-31,87.0,246.0,173.0,6148.0,177.0,6394.0,86.0,4.0,Relief,Relief,False,6077.0,6043.222222222223,81.2957563467922,False
2024-11-01,,,,,,,,,No Data,No Data,False,6077.0,6043.222222222223,81.2957563467922,False
2024-11-02,,,,,,,,,No Data,No Data,False,6077.0,6043.222222222223,81.2957563467922,False
2024-11-03,84.0,171.0,157.0,5990.0,184.0,6161.0,73.0,27.0,Relief,Relief,False,6080.2,6051.222222222223,76.39502601607646,False
2024-11-04,167.0,209.0,157.0,6007.0,132.0,6216.0,-10.0,-25.0,Stress,Stress,False,6080.0,6055.777777777777,76.63223864664926,False
2024-11-05,109.0,245.0,159.0,6045.0,126.0,6290.0,50.0,-33.0,Relief,Stress,False,6067.8,6056.0,76.31317055395488,False
2024-11-06,156.0,256.0,176.0,6086.0,137.0,6342.0,20.0,-39.0,Relief,Stress,False,6055.2,6057.0,63.71577512670635,False
2024-11-07,125.0,232.0,192.0,6084.0,177.0,6316.0,67.0,-15.0,Relief,Stress,False,6042.4,6059.7,43.69553752955799,False
2024-11-08,,,,,,,,,No Data,No Data,False,6042.4,6059.7,43.69553752955799,False
2024-11-09,,,,,,,,,No Data,No Data,False,6042.4,6059.7,43.69553752955799,False
2024-11-10,,,,,,,,,No Data,No Data,False,6055.5,6069.222222222223,37.43883901328524,False
2024-11-11,118.0,139.0,168.0,5963.0,145.0,6102.0,50.0,-23.0,Relief,Stress,False,6044.5,6064.222222222223,57.51811308909011,False
2024-11-12,142.0,235.0,139.0,5975.0,138.0,6210.0,-3.0,-1.0,Stress,Stress,False,6027.0,6049.666666666667,67.15653356149363,False
2024-11-13,148.0,245.0,175.0,5966.0,151.0,6211.0,27.0,-24.0,Relief,Stress,False,5997.0,6029.333333333333,58.2237065120043,False
2024-11-14,119.0,219.0,210.0,6025.0,172.0,6244.0,91.0,-38.0,Relief,Stress,False,5982.25,6015.666666666667,28.952547383537972,False
2024-11-15,,,,,,,,,No Data,No Data,False,5982.25,6015.666666666667,28.952547383537972,False
2024-11-16,,,,,,,,,No Data,No Data,False,5982.25,6015.666666666667,28.952547383537972,False
2024-11-17,105.0,210.0,149.0,5816.0,195.0,6026.0,44.0,46.0,Relief,Relief,False,5949.0,5996.333333333333,78.4633672486531,False
2024-11-18,143.0,203.0,163.0,5819.0,138.0,6022.0,20.0,-25.0,Relief,Stress,False,5920.2,5975.444444444444,96.4142105708334,False
2024-11-19,119.0,209.0,152.0,5844.0,146.0,6053.0,33.0,-6.0,Relief,Stress,False,5894.0,5953.111111111111,95.59550198621795,False
2024-11-20,155.0,212.0,181.0,5879.0,148.0,6091.0,26.0,-33.0,Relief,Stress,False,5876.6,5930.111111111111,86.71966328346184,False
2024-11-21,109.0,214.0,173.0,5850.0,210.0,6064.0,64.0,37.0,Relief,Relief,False,5841.6,5904.111111111111,25.69630323601074,False
2024-11-22,,,,,,,,,No Data,No Data,False,5841.6,5904.111111111111,25.69630323601074,False
2024-11-23,,,,,,,,,No Data,No Data,False,5841.6,5904.111111111111,25.69630323601074,False
2024-11-24,191.0,283.0,192.0,5664.0,207.0,5947.0,1.0,15.0,Relief,Relief,False,5811.2,5880.1,85.00999941181628,False
2024-11-25,170.0,297.0,196.0,5715.0,129.0,6012.0,26.0,-67.0,Relief,Stress,False,5790.4,5855.3,94.78554742151884,False
2024-11-26,152.0,272.0,214.0,5826.0,112.0,6098.0,62.0,-102.0,Relief,Stress,False,5786.8,5840.4,92.55646924984221,False
2024-11-27,239.0,367.0,224.0,5862.0,211.0,6229.0,-15.0,-13.0,Stress,Stress,False,5783.4,5830.0,88.54829190897473,False
2024-11-28,113.0,280.0,237.0,5963.0,143.0,6243.0,124.0,-94.0,Relief,Stress,False,5806.0,5823.8,118.98529320885415,False
2024-11-29,,,,,,,,,No Data,No Data,False,5806.0,5823.8,118.98529320885415,False
2024-11-30,,,,,,,,,No Data,No Data,False,5806.0,5823.8,118.98529320885415,False
2024-12-01,196.0,306.0,187.0,5986.0,149.0,6292.0,-9.0,-38.0,Stress,Stress,False,5870.4,5840.8,109.6918410821744,True
2024-12-02,236.0,330.0,222.0,6061.0,115.0,6391.0,-14.0,-107.0,Stress,Stress,False,5939.6,5865.0,95.348308847074,True
2024-12-03,81.0,230.0,242.0,6192.0,107.0,6422.0,161.0,-135.0,Relief,Stress,False,6012.8,5899.8,122.85642026364347,True
2024-12-04,118.0,245.0,160.0,6269.0,115.0,6514.0,42.0,-45.0,Relief,Stress,False,6094.2,5938.8,132.4224301241938,True
2024-12-05,218.0,283.0,208.0,6310.0,150.0,6593.0,-10.0,-58.0,Stress,Stress,False,6163.6,5984.8,137.31096096086785,True
2024-12-06,,,,,,,,,No Data,No Data,False,6163.6,5984.8,137.31096096086785,False
2024-12-07,,,,,,,,,No Data,No Data,False,6163.6,5984.8,137.31096096086785,False
2024-12-08,132.0,243.0,183.0,6286.0,172.0,6529.0,51.0,-11.0,Relief,Stress,False,6223.6,6047.0,101.06582013716084,False
2024-12-09,224.0,315.0,152.0,6268.0,174.0,6583.0,-72.0,22.0,Stress,Relief,False,6265.0,6102.3,44.215381938833545,False
2024-12-10,167.0,326.0,213.0,6310.0,149.0,6636.0,46.0,-64.0,Relief,Stress,False,6288.6,6150.7,20.80384579823945,False
2024-12-11,209.0,353.0,232.0,6402.0,152.0,6755.0,23.0,-80.0,Relief,Stress,False,6315.2,6204.7,51.644941669024355,False
2024-12-12,153.0,253.0,286.0,6481.0,194.0,6734.0,133.0,-92.0,Relief,Stress,False,6349.4,6256.5,89.8376313133697,False
2024-12-13,,,,,,,,,No Data,No Data,False,6349.4,6256.5,89.8376313133697,False
2024-12-14,,,,,,,,,No Data,No Data,False,6349.4,6256.5,89.8376313133697,False
2024-12-15,180.0,337.0,219.0,6408.0,224.0,6745.0,39.0,5.0,Relief,Relief,False,6373.8,6298.7,84.73606080056442,False
2024-12-16,133.0,287.0,189.0,6454.0,149.0,6741.0,56.0,-40.0,Relief,Stress,False,6411.0,6338.0,65.26867548829945,False
2024-12-17,187.0,310.0,247.0,6506.0,151.0,6816.0,60.0,-96.0,Relief,Stress,False,6450.2,6369.4,45.223887493192635,False
2024-12-18,168.0,285.0,210.0,6598.0,134.0,6883.0,42.0,-76.0,Relief,Stress,False,6489.4,6402.3,70.74461110216778,False
2024-12-19,269.0,412.0,204.0,6600.0,238.0,7012.0,-65.0,34.0,Stress,Relief,False,6513.2,6431.3,85.65745735192569,False
2024-12-20,,,,,,,,,No Data,No Data,False,6513.2,6431.3,85.65745735192569,False
2024-12-21,,,,,,,,,No Data,No Data,False,6513.2,6431.3,85.65745735192569,False
2024-12-22,100.0,255.0,236.0,6595.0,268.0,6850.0,136.0,32.0,Relief,Relief,False,6550.6,6462.2,67.04326960998372,False
2024-12-23,205.0,294.0,177.0,6548.0,231.0,6842.0,-28.0,54.0,Stress,Relief,False,6569.4,6490.2,41.49457795901718,False
2024-12-24,161.0,304.0,211.0,6622.0,155.0,6926.0,50.0,-56.0,Relief,Stress,False,6592.6,6521.4,27.125633633096168,False
2024-12-25,57.0,162.0,193.0,6689.0,107.0,6851.0,136.0,-86.0,Relief,Stress,False,6610.8,6550.1,51.35854359302797,False
2024-12-26,80.0,122.0,152.0,6707.0,135.0,6829.0,72.0,-17.0,Relief,Stress,False,6632.2,6572.7,65.95225545799747,False
2024-12-27,,,,,,,,,No Data,No Data,False,6632.2,6572.7,65.95225545799747,False
2024-12-28,,,,,,,,,No Data,No Data,False,6632.2,6572.7,65.95225545799747,False
2024-12-29,107.0,170.0,133.0,6465.0,216.0,6635.0,26.0,83.0,Relief,Relief,False,6606.2,6578.4,100.73579304297431,False
2024-12-30,99.0,156.0,139.0,6454.0,177.0,6610.0,40.0,38.0,Relief,Relief,False,6587.4,6578.4,121.03842365132215,False
2024-12-31,,,,,,,,,No Data,No Data,False,6578.75,6586.444444444444,137.96708544672015,False
2025-01-01,25.0,66.0,94.0,6405.0,144.0,6471.0,69.0,50.0,Relief,Relief,False,6507.75,6565.0,135.36955590775415,False
2025-01-02,35.0,70.0,53.0,6292.0,170.0,6362.0,18.0,117.0,Relief,Relief,False,6404.0,6530.777777777777,79.09066527302204,False
2025-01-03,,,,,,,,,No Data,No Data,False,6404.0,6530.777777777777,79.09066527302204,False
2025-01-04,,,,,,,,,No Data,No Data,False,6404.0,6530.777777777777,79.09066527302204,False
2025-01-05,43.0,73.0,64.0,5882.0,185.0,5955.0,21.0,121.0,Relief,Relief,False,6258.25,6451.555555555556,259.84402372704784,False
2025-01-06,41.0,60.0,71.0,5769.0,190.0,5829.0,30.0,119.0,Relief,Relief,False,6087.0,6365.0,308.9217808226908,False
2025-01-07,65.0,83.0,65.0,5703.0,133.0,5786.0,0.0,68.0,Relief,Relief,False,6010.2,6262.888888888889,317.9083201176039,False
2025-01-08,38.0,80.0,82.0,5605.0,184.0,5685.0,44.0,102.0,Relief,Relief,False,5850.2,6142.444444444444,266.7315129488769,False
2025-01-09,56.0,82.0,68.0,5507.0,164.0,5589.0,12.0,96.0,Relief,Relief,False,5693.2,6009.111111111111,144.8592420247906,False
2025-01-10,,,,,,,,,No Data,No Data,False,5693.2,6009.111111111111,144.8592420247906,False
2025-01-11,,,,,,,,,No Data,No Data,False,5693.2,6009.111111111111,144.8592420247906,False
2025-01-12,74.0,103.0,80.0,5092.0,235.0,5195.0,6.0,155.0,Relief,Relief,False,5535.2,5856.555555555556,266.88611803538384,False
2025-01-13,68.0,107.0,102.0,5019.0,181.0,5126.0,34.0,79.0,Relief,Relief,False,5385.2,5697.111111111111,309.92450693676483,False
2025-01-14,92.0,124.0,93.0,4957.0,139.0,5081.0,1.0,46.0,Relief,Relief,False,5236.0,5623.1,298.02181128232337,False
2025-01-15,113.0,162.0,107.0,4903.0,164.0,5065.0,-6.0,57.0,Stress,Relief,False,5095.6,5472.9,240.53856239696117,False
2025-01-16,106.0,196.0,131.0,4881.0,159.0,5077.0,25.0,28.0,Relief,Relief,False,4970.4,5331.8,86.40486097435043,False
2025-01-17,,,,,,,,,No Data,No Data,False,4970.4,5331.8,86.40486097435043,False
2025-01-18,,,,,,,,,No Data,No Data,False,4970.4,5331.8,86.40486097435043,False
2025-01-19,86.0,152.0,168.0,4628.0,176.0,4780.0,82.0,8.0,Relief,Relief,False,4877.6,5206.4,149.37804390203013,False
2025-01-20,84.0,118.0,136.0,4638.0,127.0,4756.0,52.0,-9.0,Relief,Stress,False,4801.4,5093.3,156.23475925669305,False
2025-01-21,59.0,64.0,117.0,4728.0,54.0,4792.0,58.0,-63.0,Relief,Stress,False,4755.6,4995.8,130.69544751060315,False
2025-01-22,62.0,97.0,52.0,4717.0,83.0,4814.0,-10.0,31.0,Stress,Relief,False,4718.4,4907.0,101.45097338121914,False
2025-01-23,91.0,75.0,97.0,4621.0,174.0,4696.0,6.0,77.0,Relief,Relief,False,4666.4,4818.4,51.713634565719815,False
2025-01-24,,,,,,,,,No Data,No Data,False,4666.4,4818.4,51.713634565719815,False
2025-01-25,,,,,,,,,No Data,No Data,False,4666.4,4818.4,51.713634565719815,False
2025-01-26,29.0,51.0,11.0,4241.0,182.0,4292.0,-18.0,171.0,Stress,Relief,False,4589.0,4733.3,200.14619656640195,False
2025-01-27,33.0,53.0,34.0,4161.0,127.0,4214.0,1.0,93.0,Relief,Relief,False,4493.6,4647.5,271.80470930430334,False
2025-01-28,32.0,49.0,39.0,4096.0,101.0,4145.0,7.0,62.0,Relief,Relief,False,4367.2,4561.4,282.2980694230778,False
2025-01-29,32.0,50.0,39.0,4036.0,99.0,4086.0,7.0,60.0,Relief,Relief,False,4231.0,4474.7,230.9491285976131,False
2025-01-30,47.0,42.0,47.0,3923.0,159.0,3965.0,0.0,112.0,Relief,Relief,False,4091.4,4378.9,121.112757379216,False
2025-01-31,,,,,,,,,No Data,No Data,False,4091.4,4378.9,121.112757379216,False
2025-02-01,,,,,,,,,No Data,No Data,False,4091.4,4378.9,121.112757379216,False
2025-02-02,20.0,22.0,41.0,3483.0,168.0,3505.0,21.0,127.0,Relief,Relief,False,3939.8,4264.4,269.9679610620432,False
2025-02-03,23.0,45.0,11.0,3403.0,102.0,3448.0,-12.0,91.0,Stress,Relief,False,3788.2,4140.9,322.42937211116,False
2025-02-04,34.0,54.0,29.0,3359.0,74.0,3413.0,-5.0,45.0,Stress,Relief,False,3640.8,4004.0,314.91300385979116,False
2025-02-05,26.0,36.0,36.0,3290.0,104.0,3326.0,10.0,68.0,Relief,Relief,False,3491.6,3861.3,251.12506844199538,False
2025-02-06,25.0,32.0,27.0,3181.0,145.0,3213.0,2.0,118.0,Relief,Relief,False,3343.2,3717.3,114.57399355873409,False
2025-02-07,,,,,,,,,No Data,No Data,False,3343.2,3717.3,114.57399355873409,False
2025-02-08,,,,,,,,,No Data,No Data,False,3343.2,3717.3,114.57399355873409,False
2025-02-09,15.0,13.0,23.0,2878.0,99.0,2891.0,8.0,76.0,Relief,Relief,False,3222.2,3581.0,209.8635270836665,False
2025-02-10,16.0,18.0,15.0,2834.0,63.0,2852.0,-1.0,48.0,Stress,Relief,False,3108.4,3448.3,239.4938412569242,False
2025-02-11,11.0,22.0,12.0,2799.0,50.0,2821.0,1.0,38.0,Relief,Relief,False,2996.4,3318.6,223.4038943259424,False
2025-02-12,16.0,20.0,20.0,2752.0,66.0,2772.0,4.0,46.0,Relief,Relief,False,2888.8,3190.2,169.7636592442471,False
2025-02-13,15.0,10.0,23.0,2703.0,72.0,2713.0,8.0,49.0,Relief,Relief,False,2793.2,3068.2,68.41564148640909,False
2025-02-14,,,,,,,,,No Data,No Data,False,2793.2,3068.2,68.41564148640909,False
2025-02-15,,,,,,,,,No Data,No Data,False,2793.2,3068.2,68.41564148640909,False
2025-02-16,,,,,,,,,No Data,No Data,False,2772.0,3022.1111111111113,56.96197562113232,False
2025-02-17,8.0,17.0,14.0,2532.0,15.0,2549.0,6.0,1.0,Relief,Relief,False,2696.5,2925.3333333333335,116.46029366267207,False
2025-02-18,18.0,19.0,11.0,2536.0,9.0,2555.0,-7.0,-2.0,Stress,Stress,False,2630.75,2833.8888888888887,113.50587356312958,False
2025-02-19,12.0,17.0,17.0,2528.0,19.0,2545.0,5.0,2.0,Relief,Relief,False,2574.75,2749.222222222222,85.5623554296076,False
2025-02-20,13.0,25.0,15.0,2520.0,32.0,2545.0,2.0,17.0,Relief,Relief,False,2529.0,2675.777777777778,6.83130051033485,False
2025-02-21,,,,,,,,,No Data,No Data,False,2529.0,2675.777777777778,6.83130051033485,False
2025-02-22,,,,,,,,,No Data,No Data,False,2529.0,2675.777777777778,6.83130051033485,False
2025-02-23,7.0,16.0,8.0,2423.0,35.0,2439.0,1.0,27.0,Relief,Relief,False,2507.8,2625.222222222222,47.77237695569356,False
2025-02-24,20.0,22.0,14.0,2413.0,24.0,2435.0,-6.0,10.0,Stress,Relief,False,2484.0,2578.4444444444443,60.61765419411149,False
2025-02-25,11.0,7.0,7.0,2413.0,23.0,2420.0,-4.0,16.0,Stress,Relief,False,2459.4,2535.5555555555557,59.18023318640172,False
2025-02-26,12.0,21.0,1.0,2411.0,23.0,2432.0,-11.0,22.0,Stress,Relief,False,2436.0,2497.6666666666665,47.191100855954666,False
2025-02-27,10.0,15.0,17.0,2391.0,37.0,2406.0,7.0,20.0,Relief,Relief,False,2410.2,2463.0,11.71324037134404,False
2025-02-28,,,,,,,,,No Data,No Data,False,2410.2,2463.0,11.71324037134404,False
2025-03-01,,,,,,,,,No Data,No Data,False,2410.2,2463.0,11.71324037134404,False
2025-03-02,12.0,24.0,4.0,2297.0,31.0,2321.0,-8.0,27.0,Stress,Relief,False,2385.0,2446.4,50.05996404310418,False
2025-03-03,8.0,29.0,18.0,2287.0,25.0,2316.0,10.0,7.0,Relief,Relief,False,2359.8,2421.9,62.587538695789014,False
2025-03-04,4.0,25.0,10.0,2272.0,30.0,2297.0,6.0,20.0,Relief,Relief,False,2331.6,2395.5,64.36458653636244,False
2025-03-05,5.0,20.0,4.0,2238.0,40.0,2258.0,-1.0,36.0,Stress,Relief,False,2297.0,2366.5,57.100788085602524,False
2025-03-06,7.0,27.0,6.0,2218.0,33.0,2245.0,-1.0,27.0,Stress,Relief,False,2262.4,2336.3,33.39610755757156,False
2025-03-07,,,,,,,,,No Data,No Data,False,2262.4,2336.3,33.39610755757156,False
2025-03-08,,,,,,,,,No Data,No Data,False,2262.4,2336.3,33.39610755757156,False
2025-03-09,12.0,25.0,15.0,2137.0,30.0,2162.0,3.0,15.0,Relief,Relief,False,2230.4,2307.7,58.88378384578297,False
2025-03-10,6.0,28.0,8.0,2125.0,23.0,2153.0,2.0,15.0,Relief,Relief,False,2198.0,2278.9,64.27674540607119,False
2025-03-11,3.0,11.0,7.0,2116.0,20.0,2127.0,4.0,13.0,Relief,Relief,False,2166.8,2249.2,56.80404915141962,False
2025-03-12,6.0,18.0,2.0,2113.0,8.0,2131.0,-4.0,6.0,Stress,Relief,False,2141.8,2219.4,43.60848541278293,False
2025-03-13,4.0,20.0,9.0,2116.0,6.0,2136.0,5.0,-3.0,Relief,Stress,False,2121.4,2191.9,9.813256340120047,False
2025-03-14,,,,,,,,,No Data,No Data,False,2121.4,2191.9,9.813256340120047,False
2025-03-15,,,,,,,,,No Data,No Data,False,2121.4,2191.9,9.813256340120047,False
2025-03-16,1.0,9.0,8.0,2117.0,5.0,2126.0,7.0,-3.0,Relief,Stress,False,2117.4,2173.9,4.505552130084252,False
2025-03-17,5.0,14.0,0.0,2111.0,8.0,2125.0,-5.0,8.0,Stress,Relief,False,2114.6,2156.3,2.509980078986056,False
2025-03-18,19.0,34.0,6.0,2109.0,8.0,2143.0,-13.0,2.0,Stress,Relief,False,2113.2,2140.0,3.346640105674133,False
2025-03-19,6.0,22.0,14.0,2119.0,9.0,2141.0,8.0,-5.0,Relief,Stress,False,2114.4,2128.1,4.2190046215791766,False
2025-03-20,9.0,20.0,11.0,2124.0,7.0,2144.0,2.0,-4.0,Relief,Stress,False,2116.0,2118.7,6.082762530043936,False
2025-03-21,,,,,,,,,No Data,No Data,False,2116.0,2118.7,6.082762530043936,False
2025-03-22,,,,,,,,,No Data,No Data,False,2116.0,2118.7,6.082762530043936,False
2025-03-23,15.0,29.0,9.0,2136.0,2.0,2165.0,-6.0,-7.0,Stress,Stress,False,2119.8,2118.6,10.894952959829867,True
2025-03-24,7.0,13.0,11.0,2139.0,7.0,2152.0,4.0,-4.0,Relief,Stress,False,2125.4,2120.0,12.340988615054496,True
2025-03-25,12.0,19.0,7.0,2145.0,6.0,2164.0,-5.0,-1.0,Stress,Stress,False,2132.6,2122.9,10.784247771490813,True
2025-03-26,9.0,21.0,15.0,2159.0,2.0,2180.0,6.0,-13.0,Relief,Stress,False,2140.6,2127.5,12.817956155210762,True
2025-03-27,1.0,19.0,13.0,2159.0,2.0,2178.0,12.0,-11.0,Relief,Stress,False,2147.6,2131.8,10.89954127460905,True
2025-03-28,,,,,,,,,No Data,No Data,False,2147.6,2131.8,10.89954127460905,False
2025-03-29,,,,,,,,,No Data,No Data,False,2147.6,2131.8,10.89954127460905,False
2025-03-30,9.0,20.0,5.0,2188.0,2.0,2208.0,-4.0,-3.0,Stress,Stress,False,2158.0,2138.9,18.920887928342754,False
2025-03-31,9.0,25.0,8.0,2193.0,5.0,2218.0,-1.0,-3.0,Stress,Stress,False,2168.8,2147.1,20.69299398339702,False
2025-04-01,17.0,36.0,7.0,2191.0,12.0,2227.0,-10.0,5.0,Stress,Relief,False,2178.0,2155.3,17.435595774073906,False
2025-04-02,5.0,31.0,16.0,2208.0,3.0,2239.0,11.0,-13.0,Relief,Stress,False,2187.8,2164.2,17.8521707362691,False
2025-04-03,12.0,26.0,18.0,2223.0,8.0,2249.0,6.0,-10.0,Relief,Stress,False,2200.6,2174.1,14.707141122492219,False
2025-04-04,,,,,,,,,No Data,No Data,False,2200.6,2174.1,14.707141122492219,False
2025-04-05,,,,,,,,,No Data,No Data,False,2200.6,2174.1,14.707141122492219,False
2025-04-06,7.0,14.0,7.0,2234.0,11.0,2248.0,0.0,4.0,Relief,Relief,False,2209.8,2183.9,18.700267377684757,False
2025-04-07,12.0,22.0,9.0,2237.0,5.0,2259.0,-3.0,-4.0,Stress,Stress,False,2218.6,2193.7,19.16507239738218,False
2025-04-08,12.0,34.0,12.0,2243.0,9.0,2277.0,0.0,-3.0,Relief,Stress,False,2229.0,2203.5,13.802173741729998,False
2025-04-09,6.0,19.0,10.0,2251.0,5.0,2270.0,4.0,-5.0,Relief,Stress,False,2237.6,2212.7,10.430723848175708,False
2025-04-10,18.0,25.0,17.0,2265.0,6.0,2290.0,-1.0,-11.0,Stress,Stress,False,2246.0,2223.3,12.449899597864308,False
2025-04-11,8.0,22.0,8.0,2267.0,9.0,2289.0,0.0,1.0,Relief,Relief,False,2249.5,2227.2727272727275,14.053469322467015,False
2025-04-12,,,,,,,,,No Data,No Data,False,2249.5,2227.2727272727275,14.053469322467015,False
2025-04-13,5.0,26.0,10.0,2283.0,3.0,2309.0,5.0,-7.0,Relief,Stress,False,2257.6666666666665,2235.909090909091,17.14253967952794,False
2025-04-14,5.0,26.0,9.0,2282.0,13.0,2308.0,4.0,4.0,Relief,Relief,False,2265.1666666666665,2244.0,16.104864689409634,False
2025-04-15,4.0,19.0,12.0,2286.0,7.0,2305.0,8.0,-5.0,Relief,Stress,False,2272.3333333333335,2252.6363636363635,13.647954669627083,False
2025-04-16,11.0,30.0,5.0,2291.0,8.0,2321.0,-6.0,3.0,Stress,Relief,False,2279.0,2260.181818181818,10.564090116878763,False
2025-04-17,7.0,26.0,10.0,2288.0,14.0,2314.0,3.0,4.0,Relief,Relief,False,2282.8333333333335,2266.090909090909,8.424171571389525,False
2025-04-18,,,,,,,,,No Data,No Data,False,2286.0,2266.090909090909,3.6742346137574264,False
2025-04-19,,,,,,,,,No Data,No Data,False,2286.0,2266.090909090909,3.6742346137574264,False
2025-04-20,4.0,15.0,6.0,2305.0,4.0,2320.0,2.0,-2.0,Relief,Stress,False,2290.4,2272.5454545454545,8.792041855959386,False
2025-04-21,10.0,25.0,5.0,2308.0,6.0,2333.0,-5.0,1.0,Stress,Relief,False,2295.6,2279.0,10.163660757667524,False
2025-04-22,7.0,19.0,14.0,2305.0,17.0,2324.0,7.0,3.0,Relief,Relief,False,2299.4,2284.6363636363635,9.181503144744726,False
2025-04-23,3.0,23.0,4.0,2300.0,11.0,2323.0,1.0,7.0,Relief,Relief,False,2301.2,2289.090909090909,7.918333157739755,False
2025-04-24,3.0,9.0,7.0,2294.0,13.0,2303.0,4.0,6.0,Relief,Relief,False,2302.4,2291.7272727272725,5.504543577533237,False
2025-04-25,,,,,,,,,No Data,No Data,False,2302.4,2294.2,5.504543577533237,False
2025-04-26,,,,,,,,,No Data,No Data,False,2302.4,2294.2,5.504543577533237,False
2025-04-27,9.0,40.0,12.0,2301.0,4.0,2341.0,3.0,-8.0,Relief,Stress,False,2301.6,2296.0,5.319774431022514,False
2025-04-28,6.0,26.0,12.0,2307.0,8.0,2333.0,6.0,-4.0,Relief,Stress,False,2301.4,2298.5,5.029910535681632,False
2025-04-29,11.0,25.0,11.0,2304.0,15.0,2329.0,0.0,4.0,Relief,Relief,False,2301.2,2300.3,4.868264577543062,False
2025-04-30,7.0,34.0,9.0,2309.0,12.0,2343.0,2.0,3.0,Relief,Relief,False,2303.0,2302.1,5.8736700619769335,False
2025-05-01,13.0,32.0,14.0,2306.0,16.0,2338.0,1.0,2.0,Relief,Relief,False,2305.4,2303.9,3.0495901358984305,False
2025-05-02,,,,,,,,,No Data,No Data,False,2305.4,2303.9,3.0495901358984305,False
2025-05-03,,,,,,,,,No Data,No Data,False,2305.4,2303.9,3.0495901358984305,False
2025-05-04,9.0,31.0,10.0,2335.0,5.0,2366.0,1.0,-5.0,Relief,Stress,False,2312.2,2306.9,12.872451203907547,False
2025-05-05,15.0,44.0,20.0,2331.0,17.0,2375.0,5.0,-3.0,Relief,Stress,False,2317.0,2309.2,14.781745498992676,False
2025-05-06,10.0,33.0,16.0,2339.0,16.0,2372.0,6.0,0.0,Relief,Relief,False,2324.0,2312.6,15.362291495639722,False
2025-05-07,10.0,30.0,15.0,2335.0,10.0,2365.0,5.0,-5.0,Relief,Stress,False,2329.2,2316.1,13.274034804723644,False
2025-05-08,15.0,24.0,16.0,2361.0,11.0,2385.0,1.0,-5.0,Relief,Stress,False,2340.2,2322.8,11.966620241197322,False
2025-05-09,,,,,,,,,No Data,No Data,False,2340.2,2322.8,11.966620241197322,False
2025-05-10,,,,,,,,,No Data,No Data,False,2340.2,2322.8,11.966620241197322,False
2025-05-11,15.0,20.0,12.0,2385.0,3.0,2405.0,-3.0,-9.0,Stress,Stress,False,2350.2,2331.2,22.653917983365496,False
2025-05-12,7.0,33.0,14.0,2392.0,7.0,2425.0,7.0,-7.0,Relief,Stress,False,2362.4,2339.7,25.919104922760603,False
2025-05-13,18.0,29.0,12.0,2394.0,11.0,2423.0,-6.0,-1.0,Stress,Stress,False,2373.4,2348.7,25.16545250928531,False
2025-05-14,7.0,30.0,14.0,2394.0,11.0,2424.0,7.0,-3.0,Relief,Stress,False,2385.2,2357.2,14.024977718239574,False
2025-05-15,15.0,31.0,14.0,2410.0,14.0,2441.0,-1.0,0.0,Stress,Relief,False,2395.0,2367.6,9.165151389755357,False
2025-05-16,,,,,,,,,No Data,No Data,False,2395.0,2367.6,9.165151389755357,False
2025-05-17,,,,,,,,,No Data,No Data,False,2395.0,2367.6,9.165151389755357,False
2025-05-18,13.0,28.0,14.0,2437.0,9.0,2465.0,1.0,-5.0,Relief,Stress,False,2405.4,2377.8,19.099738218026836,False
2025-05-19,7.0,27.0,17.0,2457.0,6.0,2484.0,10.0,-11.0,Relief,Stress,False,2418.4,2390.4,27.82624660275223,False
2025-05-20,,,,,,,,,No Data,No Data,False,2424.5,2396.1111111111113,28.005951748326446,False
2025-05-21,14.0,62.0,13.0,2467.0,18.0,2529.0,-1.0,5.0,Stress,Relief,False,2442.75,2410.777777777778,25.144581921286687,False
2025-05-22,18.0,36.0,17.0,2473.0,15.0,2509.0,-1.0,-2.0,Stress,Stress,False,2458.5,2423.222222222222,15.779733837943308,False
2025-05-23,,,,,,,,,No Data,No Data,False,2458.5,2423.222222222222,15.779733837943308,False
2025-05-24,,,,,,,,,No Data,No Data,False,2458.5,2423.222222222222,15.779733837943308,False
2025-05-25,,,,,,,,,No Data,No Data,False,2465.6666666666665,2428.0,8.082903768316022,False
2025-05-26,,,,,,,,,No Data,No Data,False,2470.0,2433.1428571428573,4.242640685832069,False
2025-05-27,6.0,24.0,7.0,2504.0,11.0,2528.0,1.0,4.0,Relief,Relief,False,2481.3333333333335,2448.8571428571427,19.85782801133884,False
2025-05-28,12.0,39.0,12.0,2499.0,14.0,2538.0,0.0,2.0,Relief,Relief,False,2492.0,2463.8571428571427,16.6433169769316,False
2025-05-29,13.0,38.0,15.0,2506.0,11.0,2544.0,2.0,-4.0,Relief,Stress,False,2503.0,2477.5714285714284,3.605551274723766,False
2025-05-30,,,,,,,,,No Data,No Data,False,2503.0,2477.5714285714284,3.605551274723766,False
2025-05-31,,,,,,,,,No Data,No Data,False,2503.0,2477.5714285714284,3.605551274723766,False
2025-06-01,8.0,24.0,16.0,2528.0,12.0,2552.0,8.0,-4.0,Relief,Stress,False,2509.25,2490.5714285714284,12.841988423259236,False
2025-06-02,10.0,19.0,5.0,2518.0,16.0,2537.0,-5.0,11.0,Stress,Relief,False,2511.0,2499.285714285714,11.789826122439074,False
2025-06-03,5.0,23.0,11.0,2519.0,15.0,2542.0,6.0,4.0,Relief,Relief,False,2514.0,2501.75,11.467344941064296,False
2025-06-04,4.0,16.0,9.0,2516.0,16.0,2532.0,5.0,7.0,Relief,Relief,False,2517.4,2507.875,7.8612976026455,False
2025-06-05,8.0,26.0,5.0,2503.0,21.0,2529.0,-3.0,16.0,Stress,Relief,False,2516.8,2511.625,8.983317872443294,False
2025-06-06,,,,,,,,,No Data,No Data,False,2516.8,2511.625,8.983317872443294,False
2025-06-07,,,,,,,,,No Data,No Data,False,2516.8,2511.625,8.983317872443294,False
2025-06-08,10.0,16.0,15.0,2507.0,13.0,2523.0,5.0,-2.0,Relief,Stress,False,2512.6,2511.1111111111113,7.162401831603125,False
2025-06-09,8.0,21.0,14.0,2516.0,9.0,2537.0,6.0,-5.0,Relief,Stress,False,2512.2,2511.6,6.833739825114157,False
2025-06-10,17.0,28.0,7.0,2511.0,12.0,2539.0,-10.0,5.0,Stress,Relief,False,2510.6,2512.3,5.68330889511986,False
2025-06-11,,,,,,,,,No Data,No Data,False,2509.25,2513.777777777778,5.560275772219262,False
2025-06-12,,,,,,,,,No Data,No Data,False,2511.3333333333335,2514.75,4.509249752235251,False
2025-06-13,,,,,,,,,No Data,No Data,False,2511.3333333333335,2514.75,4.509249752235251,False
2025-06-14,,,,,,,,,No Data,No Data,False,2511.3333333333335,2514.75,4.509249752235251,False
2025-06-15,,,,,,,,,No Data,No Data,False,2513.5,2512.8571428571427,3.5355339044359964,False
2025-06-16,,,,,,,,,No Data,No Data,False,2511.0,2512.0,,False
2025-06-17,7.0,24.0,10.0,2523.0,14.0,2547.0,3.0,4.0,Relief,Relief,False,2523.0,2512.6666666666665,,False
2025-06-18,,,,,,,,,No Data,No Data,False,2523.0,2512.0,,False
2025-06-19,8.0,19.0,7.0,2501.0,18.0,2520.0,-1.0,11.0,Stress,Relief,False,2512.0,2511.6,15.556349186104045,False
2025-06-20,,,,,,,,,No Data,No Data,False,2512.0,2511.6,15.556349186104045,False
2025-06-21,,,,,,,,,No Data,No Data,False,2512.0,2511.6,15.556349186104045,False
2025-06-22,7.0,13.0,5.0,2508.0,7.0,2521.0,-2.0,2.0,Stress,Relief,False,2510.6666666666665,2511.8,11.23981020005823,False
2025-06-23,3.0,15.0,5.0,2495.0,17.0,2510.0,2.0,12.0,Relief,Relief,False,2506.75,2507.6,12.065791865158811,False
2025-06-24,5.0,20.0,5.0,2489.0,16.0,2509.0,0.0,11.0,Relief,Relief,False,2498.25,2503.2,8.139410298049883,False
2025-06-25,6.0,12.0,2.0,2470.0,24.0,2482.0,-4.0,22.0,Stress,Relief,False,2492.6,2497.6666666666665,14.467204291085396,False
2025-06-26,3.0,9.0,7.0,2447.0,35.0,2456.0,4.0,28.0,Relief,Relief,False,2481.8,2490.4285714285716,23.784448700779286,False
2025-06-27,,,,,,,,,No Data,No Data,False,2481.8,2490.4285714285716,23.784448700779286,False
2025-06-28,,,,,,,,,No Data,No Data,False,2481.8,2490.4285714285716,23.784448700779286,False
2025-06-29,5.0,17.0,7.0,2413.0,20.0,2430.0,2.0,13.0,Relief,Relief,False,2462.8,2480.75,33.558903438581034,False
2025-06-30,9.0,22.0,8.0,2407.0,16.0,2429.0,-1.0,8.0,Stress,Relief,False,2445.2,2472.5555555555557,35.47111500925796,False
2025-07-01,7.0,14.0,6.0,2391.0,22.0,2405.0,-1.0,16.0,Stress,Relief,False,2425.6,2457.8888888888887,32.1372058524073,False
2025-07-02,8.0,20.0,9.0,2373.0,38.0,2393.0,1.0,29.0,Relief,Relief,False,2406.2,2449.4,27.589853207293412,False
2025-07-03,,,,,,,,,No Data,No Data,False,2396.0,2443.6666666666665,17.925772879664862,False
2025-07-04,,,,,,,,,No Data,No Data,False,2396.0,2443.6666666666665,17.925772879664862,False
2025-07-05,,,,,,,,,No Data,No Data,False,2396.0,2443.6666666666665,17.925772879664862,False
2025-07-06,4.0,17.0,2.0,2332.0,8.0,2349.0,-2.0,6.0,Stress,Relief,False,2375.75,2424.1111111111113,32.30454044454636,False
2025-07-07,3.0,18.0,8.0,2317.0,20.0,2335.0,5.0,12.0,Relief,Relief,False,2353.25,2404.3333333333335,34.54827540317078,False
2025-07-08,5.0,16.0,8.0,2306.0,20.0,2322.0,3.0,12.0,Relief,Relief,False,2332.0,2384.0,29.33712096758414,False
2025-07-09,2.0,18.0,0.0,2281.0,32.0,2299.0,-2.0,32.0,Stress,Relief,False,2309.0,2363.0,21.49418526020472,False
2025-07-10,2.0,12.0,3.0,2252.0,39.0,2264.0,1.0,36.0,Relief,Relief,False,2297.6,2341.3333333333335,31.564220250150328,False
2025-07-11,,,,,,,,,No Data,No Data,False,2297.6,2341.3333333333335,31.564220250150328,False
2025-07-12,,,,,,,,,No Data,No Data,False,2297.6,2341.3333333333335,31.564220250150328,False
2025-07-13,1.0,13.0,4.0,2204.0,10.0,2217.0,3.0,6.0,Relief,Relief,False,2272.0,2318.1111111111113,45.51373419090109,False
2025-07-14,2.0,9.0,1.0,2181.0,26.0,2190.0,-1.0,25.0,Stress,Relief,False,2244.8,2293.0,52.06438321924118,False
2025-07-15,0.0,8.0,5.0,2171.0,17.0,2179.0,5.0,12.0,Relief,Relief,False,2217.8,2268.5555555555557,47.16672555944506,False
2025-07-16,1.0,9.0,0.0,2164.0,11.0,2173.0,-1.0,11.0,Stress,Relief,False,2194.4,2245.3333333333335,35.5710556492215,False
2025-07-17,3.0,16.0,2.0,2153.0,17.0,2169.0,-1.0,15.0,Stress,Relief,False,2174.6,2236.1,19.346834366376683,False
2025-07-18,,,,,,,,,No Data,No Data,False,2174.6,2236.1,19.346834366376683,False
2025-07-19,,,,,,,,,No Data,No Data,False,2174.6,2236.1,19.346834366376683,False
2025-07-20,,,,,,,,,No Data,No Data,False,2167.25,2225.4444444444443,11.786291472158837,False
2025-07-21,4.0,18.0,7.0,2121.0,16.0,2139.0,3.0,9.0,Relief,Relief,False,2152.25,2203.6666666666665,22.111460075415234,False
2025-07-22,5.0,13.0,3.0,2117.0,16.0,2130.0,-2.0,13.0,Stress,Relief,False,2138.75,2182.6666666666665,23.30057223903915,False
2025-07-23,6.0,21.0,5.0,2111.0,14.0,2132.0,-1.0,9.0,Stress,Relief,False,2125.5,2163.777777777778,18.78829422805639,False
2025-07-24,6.0,18.0,7.0,2096.0,29.0,2114.0,1.0,22.0,Relief,Relief,False,2111.25,2146.4444444444443,10.965856099731534,False
2025-07-25,,,,,,,,,No Data,No Data,False,2111.25,2146.4444444444443,10.965856099731534,False
2025-07-26,,,,,,,,,No Data,No Data,False,2111.25,2146.4444444444443,10.965856099731534,False
2025-07-27,1.0,12.0,2.0,2088.0,4.0,2100.0,1.0,2.0,Relief,Relief,False,2106.6,2133.5555555555557,14.081903280452325,False
2025-07-28,2.0,9.0,3.0,2080.0,14.0,2089.0,1.0,11.0,Relief,Relief,False,2098.4,2122.3333333333335,15.469324484282241,False
2025-07-29,2.0,8.0,3.0,2072.0,12.0,2080.0,1.0,9.0,Relief,Relief,False,2089.4,2111.3333333333335,15.026643005009971,False
2025-07-30,4.0,15.0,4.0,2063.0,16.0,2078.0,0.0,12.0,Relief,Relief,False,2079.8,2100.1111111111113,12.969194269499422,False
2025-07-31,2.0,9.0,6.0,2058.0,15.0,2067.0,4.0,9.0,Relief,Relief,False,2072.2,2089.5555555555557,12.214745187682663,False
2025-08-01,,,,,,,,,No Data,No Data,False,2072.2,2089.5555555555557,12.214745187682663,False
2025-08-02,,,,,,,,,No Data,No Data,False,2072.2,2089.5555555555557,12.214745187682663,False
2025-08-03,5.0,26.0,3.0,2049.0,5.0,2075.0,-2.0,2.0,Stress,Relief,False,2064.4,2085.5,12.054044964244007,False
2025-08-04,5.0,22.0,11.0,2040.0,14.0,2062.0,6.0,3.0,Relief,Relief,False,2056.4,2077.4,12.381437719425689,False
2025-08-05,2.0,21.0,10.0,2042.0,14.0,2063.0,8.0,4.0,Relief,Relief,False,2050.4,2069.9,9.964938534683387,False
2025-08-06,4.0,17.0,3.0,2036.0,13.0,2053.0,-1.0,10.0,Stress,Relief,False,2045.0,2062.4,8.66025403784544,False
2025-08-07,4.0,18.0,6.0,2031.0,17.0,2049.0,2.0,11.0,Relief,Relief,False,2039.6,2055.9,6.730527468186874,False
2025-08-08,,,,,,,,,No Data,No Data,False,2039.6,2055.9,6.730527468186874,False
2025-08-09,,,,,,,,,No Data,No Data,False,2039.6,2055.9,6.730527468186874,False
2025-08-10,0.0,18.0,8.0,2006.0,12.0,2024.0,8.0,4.0,Relief,Relief,False,2031.0,2047.7,14.594519519327031,False
2025-08-11,6.0,23.0,4.0,1999.0,16.0,2022.0,-2.0,12.0,Stress,Relief,False,2022.8,2039.6,19.09712020174815,False
2025-08-12,8.0,38.0,9.0,1999.0,9.0,2037.0,1.0,0.0,Relief,Relief,False,2014.2,2032.3,17.935997323818302,False
2025-08-13,6.0,22.0,12.0,1997.0,17.0,2019.0,6.0,5.0,Relief,Relief,False,2006.4,2025.7,14.170391667135313,False
2025-08-14,3.0,27.0,4.0,1994.0,11.0,2021.0,1.0,7.0,Relief,Relief,False,1999.0,2019.3,4.415880433166028,False
2025-08-15,,,,,,,,,No Data,No Data,False,1999.0,2019.3,4.415880433166028,False
2025-08-16,,,,,,,,,No Data,No Data,False,1999.0,2019.3,4.415880433166028,False
2025-08-17,4.0,14.0,2.0,1991.0,3.0,2005.0,-2.0,1.0,Stress,Relief,False,1996.0,2013.5,3.4641016151404376,False
2025-08-18,4.0,20.0,6.0,1985.0,14.0,2005.0,2.0,8.0,Relief,Relief,False,1993.2,2008.0,5.495452665615336,False
2025-08-19,5.0,35.0,3.0,1980.0,11.0,2015.0,-2.0,8.0,Stress,Relief,False,1989.4,2001.8,6.877499545621145,False
2025-08-20,10.0,38.0,10.0,1983.0,10.0,2021.0,0.0,0.0,Relief,Relief,False,1986.6,1996.5,5.770615218503064,False
2025-08-21,6.0,49.0,8.0,1972.0,21.0,2021.0,2.0,13.0,Relief,Relief,False,1982.2,1990.6,6.978538528948529,False
2025-08-22,,,,,,,,,No Data,No Data,False,1982.2,1990.6,6.978538528948529,False
2025-08-23,,,,,,,,,No Data,No Data,False,1982.2,1990.6,6.978538528948529,False
2025-08-24,4.0,21.0,5.0,1981.0,5.0,2002.0,1.0,0.0,Relief,Relief,False,1980.2,1988.1,4.9699094559176045,False
2025-08-25,8.0,30.0,8.0,1980.0,11.0,2010.0,0.0,3.0,Relief,Relief,False,1979.2,1986.2,4.207136793594817,False
2025-08-26,10.0,21.0,20.0,1989.0,15.0,2010.0,10.0,-5.0,Relief,Stress,False,1981.0,1985.2,6.12372435695952,False
2025-08-27,5.0,19.0,9.0,1988.0,19.0,2007.0,4.0,10.0,Relief,Relief,False,1982.0,1984.3,6.89202437604651,False
2025-08-28,8.0,33.0,6.0,1984.0,17.0,2017.0,-2.0,11.0,Stress,Relief,False,1984.4,1983.3,4.03732584763966,False
2025-08-29,,,,,,,,,No Data,No Data,False,1984.4,1983.3,4.03732584763966,False
2025-08-30,,,,,,,,,No Data,No Data,False,1984.4,1983.3,4.03732584763966,False
2025-08-31,,,,,,,,,No Data,No Data,False,1985.25,1982.4444444444443,4.112987559754134,False
2025-09-01,10.0,29.0,17.0,2010.0,5.0,2039.0,7.0,-12.0,Relief,Stress,False,1992.75,1985.2222222222222,11.701139545646495,False
2025-09-02,6.0,35.0,9.0,2020.0,9.0,2055.0,3.0,0.0,Relief,Relief,False,2000.5,1989.6666666666667,17.310882896799118,False
2025-09-03,4.0,29.0,11.0,2019.0,10.0,2048.0,7.0,-1.0,Relief,Stress,False,2008.25,1993.6666666666667,16.780444968276566,False
2025-09-04,11.0,40.0,2.0,2015.0,14.0,2055.0,-9.0,12.0,Stress,Relief,False,2016.0,1998.4444444444443,4.546060565664769,False
2025-09-05,,,,,,,,,No Data,No Data,False,2016.0,1998.4444444444443,4.546060565664769,False
2025-09-06,,,,,,,,,No Data,No Data,False,2016.0,1998.4444444444443,4.546060565664769,False
2025-09-07,4.0,19.0,9.0,2026.0,7.0,2045.0,5.0,-2.0,Relief,Stress,False,2018.0,2003.4444444444443,5.958187643908105,False
2025-09-08,7.0,25.0,5.0,2025.0,6.0,2050.0,-2.0,1.0,Stress,Relief,False,2021.0,2008.4444444444443,4.52769256907083,False
2025-09-09,18.0,42.0,11.0,2023.0,14.0,2065.0,-7.0,3.0,Stress,Relief,False,2021.6,2012.2222222222222,4.5607017003986625,False
2025-09-10,10.0,47.0,14.0,2025.0,18.0,2072.0,4.0,4.0,Relief,Relief,False,2022.8,2016.3333333333333,4.494441010851,False
2025-09-11,12.0,38.0,29.0,2047.0,6.0,2085.0,17.0,-23.0,Relief,Stress,False,2029.2,2023.3333333333333,10.00999500499472,False
2025-09-12,,,,,,,,,No Data,No Data,False,2029.2,2023.3333333333333,10.00999500499472,False
2025-09-13,,,,,,,,,No Data,No Data,False,2029.2,2023.3333333333333,10.00999500499472,False
2025-09-14,7.0,39.0,13.0,2083.0,5.0,2122.0,6.0,-8.0,Relief,Stress,False,2040.6,2029.3,25.667099563449323,False
2025-09-15,9.0,47.0,10.0,2086.0,10.0,2133.0,1.0,0.0,Relief,Relief,False,2052.8,2036.9,30.449958949069522,False
2025-09-16,7.0,28.0,17.0,2095.0,12.0,2123.0,10.0,-5.0,Relief,Stress,False,2067.2,2044.4,29.85297305127278,False
2025-09-17,7.0,38.0,5.0,2096.0,13.0,2134.0,-2.0,8.0,Stress,Relief,False,2081.4,2052.1,20.032473636573716,False
2025-09-18,20.0,52.0,11.0,2096.0,14.0,2148.0,-9.0,3.0,Stress,Relief,False,2091.2,2060.2,6.220932405999946,False
2025-09-19,,,,,,,,,No Data,No Data,False,2091.2,2060.2,6.220932405999946,False
2025-09-20,,,,,,,,,No Data,No Data,False,2091.2,2060.2,6.220932405999946,False
2025-09-21,8.0,35.0,13.0,2134.0,5.0,2169.0,5.0,-8.0,Relief,Stress,False,2101.4,2071.0,18.702940945210187,False
2025-09-22,17.0,40.0,14.0,2141.0,10.0,2181.0,-3.0,-4.0,Stress,Stress,False,2112.4,2082.6,23.049945770001685,False
2025-09-23,11.0,36.0,10.0,2145.0,15.0,2181.0,-1.0,5.0,Stress,Relief,False,2122.4,2094.8,24.419254697881698,False
2025-09-24,3.0,38.0,12.0,2138.0,17.0,2176.0,9.0,5.0,Relief,Relief,False,2130.8,2106.1,19.86705816169108,False
2025-09-25,6.0,35.0,12.0,2132.0,18.0,2167.0,6.0,6.0,Relief,Relief,False,2138.0,2114.6,5.244044240852113,False
2025-09-26,,,,,,,,,No Data,No Data,False,2138.0,2114.6,5.244044240852113,False
2025-09-27,,,,,,,,,No Data,No Data,False,2138.0,2114.6,5.244044240852113,False
2025-09-28,11.0,29.0,12.0,2146.0,9.0,2175.0,1.0,-3.0,Relief,Stress,False,2140.4,2120.9,5.683308895354365,False
2025-09-29,8.0,35.0,12.0,2148.0,13.0,2183.0,4.0,1.0,Relief,Relief,False,2141.8,2127.1,6.648308055438896,False
2025-09-30,8.0,32.0,12.0,2159.0,7.0,2191.0,4.0,-5.0,Relief,Stress,False,2144.6,2133.5,10.285912696499729,False
2025-10-01,4.0,33.0,12.0,2163.0,14.0,2196.0,8.0,2.0,Relief,Relief,False,2149.6,2140.2,12.177848742697327,False
2025-10-02,20.0,51.0,15.0,2164.0,16.0,2215.0,-5.0,1.0,Stress,Relief,False,2156.0,2147.0,8.455767262644791,False
2025-10-03,,,,,,,,,No Data,No Data,False,2156.0,2147.0,8.455767262644791,False
2025-10-04,,,,,,,,,No Data,No Data,False,2156.0,2147.0,8.455767262644791,False
2025-10-05,8.0,28.0,13.0,2180.0,16.0,2208.0,5.0,3.0,Relief,Relief,False,2162.8,2151.6,11.51954860226799,False
2025-10-06,5.0,33.0,15.0,2187.0,10.0,2220.0,10.0,-5.0,Relief,Stress,False,2170.6,2156.2,12.177848742697293,False
2025-10-07,11.0,45.0,4.0,2189.0,10.0,2234.0,-7.0,6.0,Stress,Relief,False,2176.6,2160.6,12.42175510948492,False
2025-10-08,8.0,49.0,15.0,2192.0,17.0,2241.0,7.0,2.0,Relief,Relief,False,2182.4,2166.0,11.193748255165238,False
2025-10-09,11.0,55.0,13.0,2192.0,12.0,2247.0,2.0,-1.0,Relief,Stress,False,2188.0,2172.0,4.949747468307277,False
2025-10-10,,,,,,,,,No Data,No Data,False,2188.0,2172.0,4.949747468307277,False
2025-10-11,,,,,,,,,No Data,No Data,False,2188.0,2172.0,4.949747468307277,False
2025-10-12,,,,,,,,,No Data,No Data,False,2190.0,2174.8888888888887,2.449489742787069,False
2025-10-13,8.0,24.0,7.0,2223.0,6.0,2247.0,-1.0,-1.0,Stress,Stress,False,2199.0,2183.222222222222,16.062378404209603,False
2025-10-14,7.0,30.0,16.0,2235.0,8.0,2265.0,9.0,-8.0,Relief,Stress,False,2210.5,2191.6666666666665,21.916508237704075,False
2025-10-15,8.0,29.0,10.0,2225.0,15.0,2254.0,2.0,5.0,Relief,Relief,False,2218.75,2198.5555555555557,18.58987179443021,False
2025-10-16,9.0,33.0,15.0,2233.0,9.0,2266.0,6.0,-6.0,Relief,Stress,False,2229.0,2206.222222222222,5.8878405775536,False
2025-10-17,,,,,,,,,No Data,No Data,False,2229.0,2206.222222222222,5.8878405775536,False
2025-10-18,,,,,,,,,No Data,No Data,False,2229.0,2206.222222222222,5.8878405775536,False
2025-10-19,9.0,34.0,17.0,2237.0,7.0,2271.0,8.0,-10.0,Relief,Stress,False,2230.6,2212.5555555555557,6.228964600960197,False
2025-10-20,10.0,39.0,6.0,2243.0,7.0,2282.0,-4.0,1.0,Stress,Relief,False,2234.6,2218.777777777778,6.542170893519648,False
2025-10-21,13.0,39.0,17.0,2251.0,9.0,2290.0,4.0,-8.0,Relief,Stress,False,2237.8,2225.6666666666665,9.859006035093746,False
2025-10-22,12.0,42.0,13.0,2261.0,12.0,2303.0,1.0,-1.0,Relief,Stress,False,2245.0,2233.3333333333335,11.224972160322455,False
2025-10-23,4.0,27.0,26.0,2266.0,18.0,2293.0,22.0,-8.0,Relief,Stress,False,2251.6,2241.5555555555557,12.074767078499468,False
2025-10-24,,,,,,,,,No Data,No Data,False,2251.6,2241.5555555555557,12.074767078499468,False
2025-10-25,,,,,,,,,No Data,No Data,False,2251.6,2241.5555555555557,12.074767078499468,False
2025-10-26,4.0,35.0,12.0,2276.0,10.0,2311.0,8.0,-2.0,Relief,Stress,False,2259.4,2245.0,12.8569047597007,False
2025-10-27,2.0,31.0,8.0,2282.0,11.0,2313.0,6.0,3.0,Relief,Relief,False,2267.2,2250.9,12.235195135346837,False
2025-10-28,6.0,22.0,11.0,2286.0,6.0,2308.0,5.0,-5.0,Relief,Stress,False,2274.2,2256.0,10.545141061172036,False
2025-10-29,6.0,25.0,4.0,2280.0,17.0,2305.0,-2.0,13.0,Stress,Relief,False,2278.0,2261.5,7.615773105865041,False
2025-10-30,3.0,17.0,14.0,2287.0,12.0,2304.0,11.0,-2.0,Relief,Stress,False,2282.2,2266.9,4.494441010850796,False
2025-10-31,,,,,,,,,No Data,No Data,False,2282.2,2266.9,4.494441010850796,False
2025-11-01,,,,,,,,,No Data,No Data,False,2282.2,2266.9,4.494441010850796,False
2025-11-02,5.0,21.0,10.0,2277.0,7.0,2298.0,5.0,-3.0,Relief,Stress,False,2282.4,2270.9,4.159326868619252,False
2025-11-03,3.0,28.0,5.0,2269.0,12.0,2297.0,2.0,7.0,Relief,Relief,False,2279.8,2273.5,7.328028384225775,False
2025-11-04,6.0,33.0,6.0,2270.0,8.0,2303.0,0.0,2.0,Relief,Relief,False,2276.6,2275.4,7.436396977032547,False
2025-11-05,8.0,41.0,8.0,2272.0,7.0,2313.0,0.0,-1.0,Relief,Stress,False,2275.0,2276.5,7.382411530117967,False
2025-11-06,6.0,33.0,9.0,2264.0,19.0,2297.0,3.0,10.0,Relief,Relief,False,2270.4,2276.3,4.722287581249037,False
2025-11-07,,,,,,,,,No Data,No Data,False,2270.4,2276.3,4.722287581249037,False
2025-11-08,,,,,,,,,No Data,No Data,False,2270.4,2276.3,4.722287581249037,False
2025-11-09,11.0,33.0,5.0,2294.0,4.0,2327.0,-6.0,-1.0,Stress,Stress,False,2273.8,2278.1,11.670475568716894,False
2025-11-10,,,,,,,,,No Data,No Data,False,2275.0,2277.6666666666665,13.114877048604898,False
2025-11-11,11.0,39.0,12.0,2294.0,14.0,2333.0,1.0,2.0,Relief,Relief,False,2281.0,2278.5555555555557,15.362291495738011,False
2025-11-12,14.0,48.0,20.0,2302.0,7.0,2350.0,6.0,-13.0,Relief,Stress,False,2288.5,2281.0,16.76305461424094,False
2025-11-13,6.0,26.0,16.0,2317.0,5.0,2343.0,10.0,-11.0,Relief,Stress,False,2301.75,2284.3333333333335,10.843584893076633,False
2025-11-14,,,,,,,,,No Data,No Data,False,2301.75,2284.3333333333335,10.843584893076633,False
2025-11-15,,,,,,,,,No Data,No Data,False,2301.75,2284.3333333333335,10.843584893076633,False
2025-11-16,5.0,22.0,3.0,2340.0,5.0,2362.0,-2.0,2.0,Stress,Relief,False,2313.25,2291.3333333333335,20.22168802713293,False
2025-11-17,1.0,35.0,6.0,2343.0,8.0,2378.0,5.0,2.0,Relief,Relief,False,2319.2,2299.5555555555557,21.993180761318264,False
2025-11-18,2.0,38.0,8.0,2345.0,12.0,2383.0,6.0,4.0,Relief,Relief,False,2329.4,2307.8888888888887,19.007893097343032,False
2025-11-19,7.0,32.0,3.0,2340.0,10.0,2372.0,-4.0,7.0,Stress,Relief,False,2337.0,2315.4444444444443,11.379806676741925,False
2025-11-20,18.0,57.0,8.0,2340.0,9.0,2397.0,-10.0,1.0,Stress,Relief,False,2341.6,2323.8888888888887,2.3021728866486217,False
2025-11-21,,,,,,,,,No Data,No Data,False,2341.6,2323.8888888888887,2.3021728866486217,False
2025-11-22,,,,,,,,,No Data,No Data,False,2341.6,2323.8888888888887,2.3021728866486217,False
2025-11-23,3.0,46.0,22.0,2375.0,1.0,2421.0,19.0,-21.0,Relief,Stress,False,2348.6,2332.8888888888887,14.909728367747713,False
2025-11-24,9.0,40.0,9.0,2371.0,13.0,2411.0,0.0,4.0,Relief,Relief,False,2354.2,2336.7,17.340703561275188,False
2025-11-25,6.0,47.0,14.0,2375.0,11.0,2422.0,8.0,-3.0,Relief,Stress,False,2360.2,2344.8,18.51215816699996,False
2025-11-26,,,,,,,,,No Data,No Data,False,2365.25,2349.5555555555557,16.93861466196983,False
2025-11-27,4.0,24.0,8.0,2389.0,7.0,2413.0,4.0,-1.0,Relief,Stress,False,2377.5,2357.5555555555557,7.895146188220194,False
2025-11-28,,,,,,,,,No Data,No Data,False,2377.5,2357.5555555555557,7.895146188220194,False
2025-11-29,,,,,,,,,No Data,No Data,False,2377.5,2357.5555555555557,7.895146188220194,False
2025-11-30,4.0,18.0,10.0,2415.0,0.0,2433.0,6.0,-10.0,Relief,Stress,False,2387.5,2365.8888888888887,19.891371663781754,False
2025-12-01,4.0,26.0,4.0,2410.0,9.0,2436.0,0.0,5.0,Relief,Relief,False,2397.25,2373.3333333333335,18.625699092026043,False
2025-12-02,7.0,34.0,6.0,2407.0,8.0,2441.0,-1.0,2.0,Stress,Relief,False,2405.25,2380.222222222222,11.324751652907636,False
2025-12-03,4.0,32.0,8.0,2419.0,7.0,2451.0,4.0,-1.0,Relief,Stress,False,2408.0,2389.0,11.575836902791336,False
2025-12-04,16.0,39.0,7.0,2418.0,13.0,2457.0,-9.0,6.0,Stress,Relief,False,2413.8,2397.6666666666665,5.167204273107989,False
2025-12-05,,,,,,,,,No Data,No Data,False,2413.8,2397.6666666666665,5.167204273107989,False
2025-12-06,,,,,,,,,No Data,No Data,False,2413.8,2397.6666666666665,5.167204273107989,False
2025-12-07,4.0,24.0,13.0,2429.0,12.0,2453.0,9.0,-1.0,Relief,Stress,False,2416.6,2403.6666666666665,8.619744775805481,False
2025-12-08,9.0,27.0,9.0,2440.0,4.0,2467.0,0.0,-5.0,Relief,Stress,False,2422.6,2411.3333333333335,12.461942063740569,False
2025-12-09,4.0,30.0,7.0,2443.0,8.0,2473.0,3.0,1.0,Relief,Relief,False,2429.8,2418.8888888888887,11.562871615650943,False
2025-12-10,10.0,54.0,5.0,2439.0,9.0,2493.0,-5.0,4.0,Stress,Relief,False,2433.8,2420.9,10.281050529981133,False
2025-12-11,7.0,47.0,9.0,2437.0,10.0,2484.0,2.0,1.0,Relief,Relief,False,2437.6,2425.7,5.272570530587943,False
2025-12-12,,,,,,,,,No Data,No Data,False,2437.6,2425.7,5.272570530587943,False
2025-12-13,,,,,,,,,No Data,No Data,False,2437.6,2425.7,5.272570530587943,False
2025-12-14,8.0,35.0,4.0,2462.0,8.0,2497.0,-4.0,4.0,Stress,Relief,False,2444.2,2430.4,10.183319694482035,False
2025-12-15,11.0,42.0,9.0,2470.0,7.0,2512.0,-2.0,-2.0,Stress,Stress,False,2450.2,2436.4,14.855975228844017,False
2025-12-16,8.0,54.0,15.0,2468.0,9.0,2522.0,7.0,-6.0,Relief,Stress,False,2455.2,2442.5,15.990622251808345,False
2025-12-17,7.0,31.0,11.0,2481.0,10.0,2512.0,4.0,-1.0,Relief,Stress,False,2463.6,2448.7,16.379865689315942,False
2025-12-18,11.0,50.0,6.0,2472.0,16.0,2522.0,-5.0,10.0,Stress,Relief,False,2470.6,2454.1,6.913754406979642,False
2025-12-19,,,,,,,,,No Data,No Data,False,2470.6,2454.1,6.913754406979642,False
2025-12-20,,,,,,,,,No Data,No Data,False,2470.6,2454.1,6.913754406979642,False
2025-12-21,6.0,18.0,11.0,2484.0,14.0,2502.0,5.0,3.0,Relief,Relief,False,2475.0,2459.6,7.0710678118676435,False
